node,degree,nationality,religion,gender,age_bin
1,771,A,X,F,30-44
2,786,B,X,M,18-29
3,813,D,X,M,18-29
4,760,B,X,M,30-44
5,762,D,X,F,45-64
6,763,A,X,F,45-64
7,788,C,X,M,45-64
8,785,A,X,F,18-29
9,750,C,Y,F,18-29
10,816,D,Z,M,65+
11,756,A,Z,F,45-64
12,744,B,Z,M,18-29
13,743,B,Y,M,30-44
14,776,A,Y,F,65+
15,708,C,X,F,45-64
16,770,B,Z,F,18-29
17,844,B,Z,M,30-44
18,861,D,Y,F,30-44
19,783,C,X,M,18-29
20,725,C,Y,F,18-29
21,795,B,Z,F,30-44
22,785,D,Y,F,30-44
23,767,C,X,M,45-64
24,737,D,Z,F,45-64
25,821,B,X,F,18-29
26,828,A,X,M,30-44
27,845,D,Z,M,65+
28,737,D,Z,F,45-64
29,776,A,Z,M,45-64
30,831,C,X,F,65+
31,788,B,Y,M,45-64
32,814,B,Z,M,45-64
33,745,B,X,F,30-44
34,784,A,Z,F,65+
35,763,A,X,F,45-64
36,789,B,X,M,18-29
37,778,A,Z,F,18-29
38,799,B,X,F,30-44
39,758,C,Z,F,30-44
40,730,B,Z,F,65+
41,808,C,Y,F,18-29
42,798,B,X,M,45-64
43,808,A,Z,M,30-44
44,762,A,X,M,30-44
45,706,A,X,F,18-29
46,807,B,Y,F,30-44
47,755,B,Z,F,30-44
48,724,D,Y,M,18-29
49,789,A,Z,F,45-64
50,792,D,Y,F,18-29
51,896,A,X,F,45-64
52,800,A,X,M,30-44
53,772,D,X,F,30-44
54,766,C,Y,M,18-29
55,838,D,Z,M,18-29
56,796,A,X,M,30-44
57,835,D,Y,F,30-44
58,752,D,X,M,65+
59,805,A,Y,F,65+
60,793,C,Y,F,30-44
61,844,B,Y,M,18-29
62,766,A,Z,F,18-29
63,795,A,Z,F,30-44
64,772,A,Z,M,30-44
65,813,A,Z,M,30-44
66,859,D,X,M,18-29
67,825,A,Y,F,45-64
68,748,B,Z,F,30-44
69,728,C,Y,M,45-64
70,840,D,Y,M,18-29
71,792,D,Z,M,18-29
72,781,B,Z,F,30-44
73,805,C,X,M,45-64
74,827,C,X,F,45-64
75,869,A,Z,F,18-29
76,790,B,Y,M,18-29
77,750,B,Y,F,30-44
78,758,C,X,F,65+
79,843,C,X,M,65+
80,790,C,X,M,45-64
81,732,B,Z,F,30-44
82,756,D,Z,F,18-29
83,716,A,X,M,18-29
84,774,C,Z,M,65+
85,860,B,X,F,45-64
86,783,A,Y,M,30-44
87,773,A,Y,F,30-44
88,797,B,X,M,65+
89,840,A,X,F,65+
90,816,B,Y,M,18-29
91,736,D,X,F,30-44
92,827,B,Y,F,45-64
93,802,B,X,M,30-44
94,764,D,Y,F,18-29
95,736,C,Y,F,45-64
96,787,A,X,F,30-44
97,711,C,X,M,65+
98,765,C,Z,F,65+
99,755,A,Y,M,45-64
100,823,A,Z,F,18-29
101,771,B,Y,F,18-29
102,789,C,Z,F,18-29
103,793,C,Z,F,65+
104,742,C,Y,F,30-44
105,819,B,Y,F,30-44
106,867,C,Y,M,45-64
107,759,C,X,F,45-64
108,838,D,Y,F,30-44
109,753,D,Z,M,18-29
110,750,C,Z,F,18-29
111,817,B,Z,F,30-44
112,828,B,X,M,18-29
113,856,B,Y,M,65+
114,766,D,Z,M,65+
115,776,D,Y,M,30-44
116,796,A,X,F,30-44
117,806,B,Z,F,18-29
118,741,B,X,F,30-44
119,875,D,Z,F,65+
120,850,D,Z,F,30-44
121,795,D,Y,F,30-44
122,768,C,Z,F,30-44
123,765,C,Y,M,45-64
124,802,B,Y,F,45-64
125,776,A,X,M,30-44
126,842,D,Z,M,30-44
127,805,A,Y,F,45-64
128,768,D,Y,M,30-44
129,893,D,Y,M,65+
130,778,D,X,F,45-64
131,754,D,Y,M,65+
132,835,B,Y,F,65+
133,752,A,Y,F,65+
134,854,B,Y,M,18-29
135,855,D,Z,M,18-29
136,867,D,X,F,30-44
137,822,A,Y,F,45-64
138,810,B,Y,F,45-64
139,790,D,Y,F,45-64
140,772,A,Y,M,18-29
141,784,C,X,M,18-29
142,766,A,X,M,18-29
143,801,B,X,M,65+
144,773,A,Z,M,65+
145,806,C,Y,M,18-29
146,833,B,Y,M,18-29
147,809,C,Z,F,65+
148,860,B,X,M,18-29
149,727,C,Z,M,18-29
150,798,C,Z,F,45-64
151,799,A,Z,F,18-29
152,804,D,Y,M,65+
153,717,C,Z,F,30-44
154,795,D,X,F,65+
155,802,D,Y,F,45-64
156,826,B,X,F,65+
157,770,B,Y,F,45-64
158,840,A,Y,F,30-44
159,763,D,X,F,45-64
160,802,C,Y,F,18-29
161,758,B,X,M,65+
162,700,D,Z,M,65+
163,765,D,Y,M,18-29
164,757,C,X,F,30-44
165,772,C,Z,F,65+
166,804,C,Y,F,45-64
167,755,D,Y,F,45-64
168,784,B,X,M,45-64
169,799,A,Z,M,30-44
170,862,B,Z,F,45-64
171,723,C,X,M,45-64
172,738,B,Y,M,45-64
173,768,A,Z,M,45-64
174,813,A,X,F,30-44
175,847,D,X,M,45-64
176,826,D,Y,F,45-64
177,786,B,X,F,65+
178,816,A,X,F,65+
179,757,A,Z,M,30-44
180,771,B,Z,F,18-29
181,795,B,X,F,30-44
182,868,D,Y,F,45-64
183,782,D,Y,M,18-29
184,839,B,Z,M,45-64
185,778,A,X,M,30-44
186,785,A,X,M,65+
187,787,D,Z,F,45-64
188,812,A,X,F,45-64
189,712,D,X,M,45-64
190,786,B,Y,M,30-44
191,807,B,Y,M,18-29
192,756,A,X,F,45-64
193,837,D,X,F,45-64
194,796,D,Y,F,65+
195,716,A,Z,M,65+
196,821,C,Z,F,18-29
197,789,A,X,M,45-64
198,814,A,X,F,65+
199,778,C,X,F,65+
200,819,A,Y,F,65+
201,836,C,Y,M,30-44
202,805,C,Y,F,45-64
203,832,D,Z,M,65+
204,777,A,Y,F,45-64
205,763,A,Y,M,65+
206,759,D,X,M,45-64
207,798,D,Z,F,18-29
208,789,B,Y,M,45-64
209,847,D,Z,F,18-29
210,748,A,Z,M,30-44
211,770,C,Z,M,65+
212,857,A,X,M,65+
213,786,A,Z,M,65+
214,805,C,Z,F,65+
215,800,D,Y,M,65+
216,789,B,Y,M,30-44
217,726,A,Y,F,45-64
218,732,C,X,F,45-64
219,821,D,X,F,65+
220,804,C,Y,F,65+
221,787,C,X,M,65+
222,777,B,Y,M,45-64
223,788,D,Z,F,65+
224,769,B,Y,M,30-44
225,765,C,X,F,18-29
226,765,D,X,M,65+
227,811,B,X,F,45-64
228,855,C,Z,F,18-29
229,740,C,Z,F,45-64
230,752,D,Z,M,18-29
231,807,B,Z,F,30-44
232,798,A,Y,M,18-29
233,723,D,X,F,18-29
234,725,A,Y,M,45-64
235,772,C,Y,F,30-44
236,786,B,Z,F,30-44
237,789,B,X,M,65+
238,765,B,Y,M,30-44
239,756,D,Z,F,65+
240,774,C,Z,M,65+
241,803,C,Z,M,18-29
242,760,D,Y,F,65+
243,820,C,Y,F,30-44
244,794,D,Y,M,30-44
245,754,D,Z,F,45-64
246,876,C,X,F,45-64
247,780,A,Z,M,65+
248,818,C,X,F,30-44
249,789,B,Z,F,30-44
250,801,A,Z,M,45-64
251,746,D,X,F,30-44
252,797,A,Y,F,65+
253,768,B,X,M,45-64
254,751,C,X,F,65+
255,844,C,Z,F,18-29
256,750,D,X,M,30-44
257,839,D,Z,F,18-29
258,678,D,X,F,18-29
259,786,D,Y,F,65+
260,850,C,X,M,65+
261,774,A,Z,F,30-44
262,731,A,Z,F,45-64
263,751,D,X,M,18-29
264,754,A,Y,F,18-29
265,882,A,X,M,65+
266,815,D,Y,F,30-44
267,802,D,Z,M,65+
268,752,D,Y,M,45-64
269,776,B,Y,F,30-44
270,761,C,X,F,45-64
271,778,A,Y,F,30-44
272,787,A,Y,M,30-44
273,769,A,X,F,30-44
274,791,B,Z,M,18-29
275,765,B,Z,M,30-44
276,764,C,X,M,45-64
277,832,B,X,F,30-44
278,809,A,Z,M,30-44
279,835,A,Y,M,45-64
280,812,A,X,F,18-29
281,797,B,Z,F,18-29
282,773,A,Y,F,45-64
283,796,A,Y,M,18-29
284,763,C,Y,M,18-29
285,772,D,Y,F,18-29
286,834,D,Z,F,18-29
287,806,A,Y,M,18-29
288,879,B,Y,F,65+
289,814,C,Y,F,18-29
290,830,A,Z,M,65+
291,765,D,X,F,45-64
292,761,D,Y,F,18-29
293,769,C,Y,F,45-64
294,739,C,X,F,18-29
295,858,A,X,M,65+
296,791,A,Z,F,30-44
297,810,A,Z,F,18-29
298,758,D,Y,F,18-29
299,770,C,Z,F,45-64
300,733,A,Z,M,30-44
301,806,D,X,M,45-64
302,796,C,X,F,30-44
303,824,D,Z,M,45-64
304,837,A,X,F,45-64
305,813,C,Y,M,30-44
306,781,B,Z,F,18-29
307,789,B,Z,M,18-29
308,744,B,Y,F,65+
309,790,C,X,F,45-64
310,827,C,Z,M,18-29
311,763,B,X,M,18-29
312,771,C,Y,F,65+
313,750,D,Y,F,30-44
314,786,A,Y,F,18-29
315,749,C,Z,F,45-64
316,798,A,X,F,18-29
317,810,A,X,F,30-44
318,837,B,Y,F,45-64
319,835,A,X,F,65+
320,829,B,X,F,30-44
321,773,C,X,F,18-29
322,759,D,X,F,18-29
323,724,C,Z,F,65+
324,790,D,Y,M,65+
325,818,A,Y,M,65+
326,829,C,X,F,18-29
327,793,B,Y,F,18-29
328,748,D,Y,F,30-44
329,772,C,X,M,18-29
330,786,B,Y,F,30-44
331,800,B,X,M,45-64
332,775,B,X,M,18-29
333,770,B,Z,F,65+
334,867,D,Z,F,45-64
335,751,B,Y,M,65+
336,761,D,Z,F,45-64
337,769,A,Y,M,45-64
338,856,D,Y,M,18-29
339,772,C,Y,M,18-29
340,859,D,Y,M,65+
341,801,B,Y,F,30-44
342,825,A,Y,M,45-64
343,844,A,Z,M,18-29
344,809,B,Z,F,65+
345,774,B,Y,F,45-64
346,849,D,Y,F,18-29
347,781,C,X,F,18-29
348,749,D,Y,F,30-44
349,830,C,X,M,45-64
350,749,C,Z,F,30-44
351,809,A,Y,F,45-64
352,793,B,Z,M,65+
353,816,C,X,F,45-64
354,855,B,X,F,65+
355,759,B,X,M,30-44
356,832,A,Y,M,18-29
357,769,C,Z,M,65+
358,880,B,X,M,30-44
359,703,D,X,F,45-64
360,806,B,Y,F,65+
361,740,B,Z,M,45-64
362,792,D,X,F,65+
363,820,D,Y,F,65+
364,816,B,X,M,45-64
365,830,A,Z,F,45-64
366,757,A,Z,M,45-64
367,841,A,X,F,65+
368,799,B,Y,M,30-44
369,850,D,Y,M,65+
370,842,A,Y,F,30-44
371,839,D,X,F,30-44
372,774,A,Y,M,45-64
373,839,B,X,M,45-64
374,801,D,Z,M,65+
375,767,D,Z,M,18-29
376,755,A,Y,M,30-44
377,757,D,X,F,30-44
378,759,C,X,M,30-44
379,769,D,Z,F,18-29
380,790,A,Y,M,30-44
381,794,B,Y,F,18-29
382,762,C,X,F,30-44
383,734,A,Z,F,18-29
384,859,A,Y,F,18-29
385,769,D,Y,F,18-29
386,768,C,X,F,30-44
387,767,A,Z,F,30-44
388,785,A,Y,F,30-44
389,802,D,Z,F,30-44
390,815,B,X,F,18-29
391,832,C,X,M,30-44
392,888,A,Y,F,65+
393,734,D,Y,M,30-44
394,767,C,Y,M,45-64
395,849,C,X,F,65+
396,797,D,Z,F,65+
397,748,C,X,F,65+
398,795,C,Z,F,18-29
399,751,D,X,F,30-44
400,746,C,Y,M,18-29
401,771,C,Z,F,45-64
402,808,D,Z,F,30-44
403,786,D,Y,F,18-29
404,824,C,Z,F,45-64
405,832,A,X,F,45-64
406,765,B,X,M,65+
407,740,A,X,M,30-44
408,845,C,Y,F,18-29
409,755,B,Z,F,45-64
410,775,C,Y,M,30-44
411,797,C,Y,F,45-64
412,761,B,X,M,30-44
413,743,D,Z,F,18-29
414,793,C,Y,F,30-44
415,789,C,Z,F,30-44
416,773,A,X,M,65+
417,769,B,Z,F,18-29
418,724,C,Z,F,18-29
419,746,C,Y,M,30-44
420,803,C,Z,M,18-29
421,806,B,X,M,65+
422,800,A,Y,F,65+
423,832,B,Z,M,18-29
424,741,C,Y,F,65+
425,765,D,Z,M,30-44
426,809,C,Z,M,65+
427,762,D,Z,F,30-44
428,795,B,X,F,18-29
429,747,A,Z,M,45-64
430,819,B,X,F,30-44
431,743,C,Z,F,18-29
432,799,C,X,F,30-44
433,744,C,Z,M,30-44
434,867,B,X,F,18-29
435,797,A,X,M,45-64
436,810,B,Z,F,18-29
437,771,D,Z,F,45-64
438,758,D,X,F,45-64
439,775,D,X,M,30-44
440,763,D,Y,F,65+
441,800,B,Y,M,45-64
442,742,C,Z,F,65+
443,781,B,Y,M,45-64
444,742,B,Y,M,45-64
445,752,D,X,M,18-29
446,762,A,Y,F,65+
447,841,B,X,F,45-64
448,824,B,X,F,65+
449,724,D,Y,F,18-29
450,752,A,Y,F,30-44
451,821,B,Z,F,18-29
452,769,A,Y,F,65+
453,753,C,Z,M,18-29
454,727,D,X,F,45-64
455,829,D,Y,M,65+
456,737,A,Z,M,45-64
457,804,C,X,F,65+
458,735,C,Z,M,30-44
459,812,A,Y,F,45-64
460,844,C,X,M,65+
461,815,A,X,M,30-44
462,857,C,Y,F,30-44
463,775,B,Y,F,30-44
464,795,D,Z,F,45-64
465,801,D,Z,F,65+
466,796,A,Y,F,18-29
467,754,D,Z,F,18-29
468,831,D,Y,M,18-29
469,801,D,X,F,30-44
470,824,B,X,M,30-44
471,816,A,Y,F,65+
472,802,B,Y,M,65+
473,799,D,Z,M,30-44
474,809,B,Z,F,65+
475,808,D,Y,M,65+
476,777,C,Z,F,45-64
477,760,D,X,M,45-64
478,797,C,X,F,45-64
479,792,B,Z,F,45-64
480,798,D,Y,F,45-64
481,804,A,Z,F,65+
482,905,C,X,F,18-29
483,823,C,Z,M,45-64
484,798,D,Z,F,65+
485,758,B,X,F,45-64
486,867,B,X,M,30-44
487,751,A,Z,M,30-44
488,754,A,X,F,45-64
489,822,D,X,M,18-29
490,807,B,Y,F,65+
491,836,B,Y,F,45-64
492,787,A,X,M,18-29
493,791,B,Y,M,18-29
494,871,D,Y,M,45-64
495,816,A,X,F,18-29
496,761,C,Y,F,65+
497,853,B,Z,F,45-64
498,829,B,X,F,30-44
499,708,D,Z,F,30-44
500,769,A,Z,F,45-64
501,761,B,X,F,65+
502,748,C,X,F,18-29
503,774,B,X,F,45-64
504,748,B,X,F,65+
505,802,B,Y,F,45-64
506,823,C,Z,M,45-64
507,761,C,Z,M,18-29
508,762,A,Y,F,30-44
509,855,D,Z,F,18-29
510,736,C,Y,M,30-44
511,796,B,Y,M,65+
512,816,C,Y,F,30-44
513,828,B,Z,M,65+
514,820,C,X,M,18-29
515,767,B,Z,M,30-44
516,781,C,Z,F,18-29
517,849,B,Z,F,18-29
518,737,D,X,F,30-44
519,846,D,Y,M,65+
520,809,C,Z,M,65+
521,733,C,X,M,18-29
522,821,A,Y,F,18-29
523,767,A,X,F,18-29
524,843,C,Y,M,30-44
525,800,D,Y,F,65+
526,792,D,Y,M,30-44
527,803,C,X,M,65+
528,721,B,Z,M,18-29
529,844,A,Y,F,65+
530,800,D,X,M,65+
531,768,C,X,F,30-44
532,813,A,X,F,18-29
533,746,B,X,M,18-29
534,770,A,Y,M,30-44
535,745,A,Y,F,30-44
536,741,B,X,M,45-64
537,772,B,Z,F,45-64
538,761,B,Y,M,30-44
539,764,D,Y,F,18-29
540,837,B,Z,F,65+
541,817,A,Y,F,45-64
542,767,D,Y,M,45-64
543,775,D,X,F,30-44
544,794,B,Y,M,65+
545,780,A,Z,F,65+
546,806,B,Y,M,45-64
547,830,B,Y,M,65+
548,759,C,X,M,18-29
549,819,C,Y,M,18-29
550,843,B,Z,M,65+
551,829,B,Y,F,18-29
552,774,B,X,M,65+
553,777,B,Z,M,65+
554,799,B,Z,F,45-64
555,749,D,Y,F,45-64
556,813,C,Y,F,65+
557,789,A,Z,F,45-64
558,836,B,Y,F,65+
559,715,A,Z,M,30-44
560,737,A,Y,F,45-64
561,773,B,X,F,30-44
562,855,D,Z,M,65+
563,829,C,Y,F,65+
564,743,D,X,F,30-44
565,748,B,Z,F,30-44
566,770,A,Z,M,18-29
567,810,A,X,F,30-44
568,791,B,X,M,18-29
569,752,B,Z,F,45-64
570,814,A,Z,F,65+
571,784,A,X,F,18-29
572,791,A,Z,F,45-64
573,758,A,Z,F,30-44
574,806,A,X,M,30-44
575,761,B,Z,F,45-64
576,780,C,Y,M,45-64
577,786,D,Y,M,30-44
578,777,C,Z,M,18-29
579,799,A,Y,F,65+
580,801,D,X,M,30-44
581,857,A,Y,F,45-64
582,825,A,Z,M,30-44
583,821,B,Z,F,45-64
584,788,A,X,F,18-29
585,845,B,Y,M,30-44
586,757,B,Z,F,18-29
587,725,C,X,M,65+
588,806,C,Y,M,18-29
589,786,C,X,M,65+
590,759,B,X,F,65+
591,791,C,X,F,65+
592,802,D,X,F,65+
593,748,D,X,F,18-29
594,714,C,X,M,18-29
595,770,C,X,F,30-44
596,755,D,Y,F,18-29
597,761,A,X,F,65+
598,805,C,Y,M,30-44
599,809,A,X,F,65+
600,822,D,X,M,18-29
601,801,C,Z,M,45-64
602,758,D,X,F,65+
603,793,D,X,M,30-44
604,786,D,X,M,45-64
605,798,C,Y,F,30-44
606,727,A,X,F,45-64
607,824,D,Y,F,18-29
608,754,C,Y,M,65+
609,761,B,Y,M,30-44
610,755,C,X,F,45-64
611,810,D,Y,F,45-64
612,823,D,Z,M,45-64
613,755,C,Z,M,65+
614,698,C,X,F,45-64
615,786,C,Z,F,30-44
616,713,C,Y,F,65+
617,768,C,X,M,30-44
618,806,A,Z,F,30-44
619,773,D,Y,M,65+
620,811,D,X,F,30-44
621,748,C,Z,M,65+
622,808,D,X,F,65+
623,840,D,Z,F,18-29
624,742,C,Z,M,18-29
625,761,B,Z,F,30-44
626,785,A,Z,F,45-64
627,709,D,X,M,18-29
628,760,C,X,M,65+
629,801,C,Y,F,30-44
630,753,C,X,F,18-29
631,717,C,Y,M,18-29
632,748,B,Y,F,45-64
633,811,D,X,F,45-64
634,792,D,X,F,65+
635,833,C,X,F,18-29
636,727,A,X,F,18-29
637,865,B,Z,M,30-44
638,742,B,Y,F,65+
639,776,B,Y,M,30-44
640,785,D,Y,M,30-44
641,795,D,Z,F,65+
642,789,A,Z,M,30-44
643,903,C,Z,M,18-29
644,753,B,Y,F,30-44
645,840,D,X,F,65+
646,798,C,Z,F,65+
647,754,A,Y,F,65+
648,780,B,Z,F,18-29
649,829,B,Y,M,30-44
650,745,C,X,M,45-64
651,766,B,Z,F,65+
652,779,B,Z,F,65+
653,732,B,Y,M,30-44
654,726,D,Y,M,30-44
655,807,C,Y,M,45-64
656,888,A,Y,M,30-44
657,814,D,Z,F,65+
658,802,D,Y,F,65+
659,759,B,X,M,30-44
660,797,C,X,F,30-44
661,801,C,X,F,65+
662,739,A,Z,M,45-64
663,817,C,Z,M,65+
664,824,B,Y,M,30-44
665,771,C,X,F,45-64
666,808,C,X,F,18-29
667,727,B,X,F,65+
668,789,B,Z,M,30-44
669,789,B,X,F,45-64
670,801,B,Y,F,45-64
671,744,C,Z,M,30-44
672,700,D,X,F,30-44
673,795,B,X,M,45-64
674,793,B,Z,F,65+
675,729,B,Z,F,65+
676,821,D,Y,M,18-29
677,813,D,Z,F,45-64
678,760,D,Y,F,18-29
679,790,A,Z,F,45-64
680,800,A,Z,F,30-44
681,725,D,X,F,45-64
682,815,C,Y,F,30-44
683,819,D,Y,M,18-29
684,787,A,Z,F,18-29
685,832,A,X,F,65+
686,792,A,Y,M,30-44
687,807,C,X,F,18-29
688,867,C,Y,M,45-64
689,819,B,X,F,45-64
690,805,B,Y,M,18-29
691,735,A,X,F,18-29
692,701,B,Z,M,65+
693,766,A,X,F,18-29
694,782,D,Z,M,65+
695,798,A,X,F,18-29
696,831,A,X,F,45-64
697,832,C,X,F,30-44
698,718,B,X,M,30-44
699,832,D,Y,M,30-44
700,902,D,Z,F,30-44
701,809,A,X,M,18-29
702,831,D,Y,F,45-64
703,806,B,X,F,18-29
704,769,B,Z,F,18-29
705,823,C,X,M,65+
706,752,C,Z,M,30-44
707,729,D,Y,M,30-44
708,772,D,Z,M,18-29
709,830,C,Y,M,65+
710,796,D,Y,M,65+
711,772,A,X,M,18-29
712,751,C,X,M,18-29
713,832,D,Z,F,65+
714,815,D,Z,F,18-29
715,836,B,Y,M,45-64
716,798,A,Z,M,30-44
717,794,C,Y,M,45-64
718,804,D,Z,M,18-29
719,807,B,X,F,18-29
720,829,D,Z,M,45-64
721,745,B,X,M,30-44
722,758,A,X,F,45-64
723,748,C,X,F,30-44
724,790,C,Z,M,18-29
725,755,C,Y,F,18-29
726,789,C,Z,M,65+
727,771,D,Z,F,18-29
728,772,D,Z,M,45-64
729,807,B,Y,M,18-29
730,798,B,Z,M,18-29
731,793,A,X,M,65+
732,738,C,Y,M,30-44
733,795,A,Z,F,30-44
734,765,C,X,F,45-64
735,805,C,X,F,18-29
736,789,A,X,M,18-29
737,776,D,X,F,45-64
738,889,C,Y,M,65+
739,844,A,Y,M,45-64
740,800,C,Z,M,65+
741,811,C,Z,F,30-44
742,787,B,X,M,65+
743,775,A,X,F,18-29
744,782,C,X,F,45-64
745,804,A,X,M,65+
746,790,D,X,M,45-64
747,800,A,X,M,65+
748,811,C,Y,M,18-29
749,767,B,Z,F,18-29
750,837,A,Y,M,30-44
751,758,C,Y,F,65+
752,828,C,Y,F,45-64
753,750,B,X,M,30-44
754,775,A,X,M,30-44
755,770,D,Y,F,65+
756,782,A,Z,F,30-44
757,790,D,Y,F,45-64
758,824,A,X,M,45-64
759,708,A,X,F,30-44
760,692,A,Z,M,45-64
761,825,D,Z,M,45-64
762,839,C,X,M,65+
763,805,D,Z,M,18-29
764,868,D,X,M,18-29
765,743,A,X,M,30-44
766,844,B,Y,F,18-29
767,791,C,X,M,18-29
768,736,B,Z,F,30-44
769,783,A,Y,M,18-29
770,811,D,X,M,65+
771,812,D,Y,M,65+
772,784,D,X,F,30-44
773,750,B,Y,F,65+
774,835,B,X,M,45-64
775,756,D,Y,F,18-29
776,829,A,Y,F,30-44
777,873,D,X,M,18-29
778,912,D,Z,F,65+
779,844,D,Y,F,65+
780,837,C,X,M,45-64
781,851,B,X,F,18-29
782,795,D,Z,F,30-44
783,779,B,X,M,30-44
784,727,C,Z,M,30-44
785,738,D,Y,M,30-44
786,770,B,Z,F,45-64
787,792,A,Z,F,30-44
788,824,B,Y,F,30-44
789,779,D,X,M,18-29
790,728,B,Z,M,18-29
791,716,D,X,F,30-44
792,813,B,Y,M,45-64
793,763,A,X,M,30-44
794,770,A,Z,F,18-29
795,758,C,Z,F,18-29
796,811,C,Y,F,30-44
797,807,B,Z,F,65+
798,770,C,X,F,30-44
799,789,B,Y,F,45-64
800,798,B,X,M,65+
801,825,A,X,F,30-44
802,847,A,Y,M,45-64
803,818,A,X,F,45-64
804,862,B,Z,M,45-64
805,777,D,X,F,30-44
806,816,B,Z,M,45-64
807,782,C,X,M,18-29
808,797,D,Y,F,30-44
809,745,D,Y,F,45-64
810,834,D,X,F,30-44
811,827,B,Y,M,18-29
812,771,C,X,F,45-64
813,799,A,X,F,30-44
814,759,D,X,M,18-29
815,833,C,Z,F,18-29
816,824,D,Z,M,65+
817,777,B,X,M,45-64
818,726,B,X,F,45-64
819,790,C,Y,M,18-29
820,760,A,Y,F,30-44
821,802,A,Y,M,65+
822,827,A,Y,F,30-44
823,728,A,X,M,30-44
824,797,C,X,F,18-29
825,830,C,Y,F,65+
826,828,C,X,F,30-44
827,769,C,Y,F,30-44
828,831,D,X,F,65+
829,798,D,Y,M,45-64
830,816,A,X,M,18-29
831,754,C,Z,F,30-44
832,794,A,Y,F,65+
833,835,B,Y,F,18-29
834,777,D,Z,M,30-44
835,799,A,Y,M,30-44
836,790,B,X,M,18-29
837,815,D,X,F,30-44
838,762,B,Z,F,45-64
839,842,A,X,F,65+
840,823,C,Y,F,18-29
841,805,D,X,F,30-44
842,854,B,Z,M,18-29
843,820,A,Y,F,65+
844,793,C,Y,F,65+
845,729,A,X,F,65+
846,832,B,Z,F,18-29
847,702,D,Y,M,18-29
848,769,D,Y,F,18-29
849,826,C,Y,F,45-64
850,773,D,Z,M,30-44
851,832,B,Y,F,45-64
852,752,C,Z,F,18-29
853,783,B,Y,M,65+
854,796,D,Z,F,18-29
855,787,B,X,F,65+
856,819,B,Z,M,30-44
857,795,B,X,M,30-44
858,743,A,Y,M,45-64
859,783,B,Y,F,65+
860,710,D,Z,M,18-29
861,866,B,Y,F,65+
862,816,B,Y,F,45-64
863,793,B,Y,M,45-64
864,812,A,Y,M,30-44
865,778,B,X,M,30-44
866,768,C,Z,F,18-29
867,784,A,Y,M,30-44
868,763,A,X,F,45-64
869,779,C,Y,F,45-64
870,776,D,Y,M,65+
871,795,C,Z,F,18-29
872,805,A,Z,F,45-64
873,763,C,Z,M,65+
874,722,A,Y,F,45-64
875,755,C,Y,F,30-44
876,803,B,Z,M,18-29
877,747,D,Z,F,30-44
878,776,A,Z,F,45-64
879,775,C,Y,F,65+
880,764,A,Z,M,45-64
881,724,B,Z,F,45-64
882,716,C,X,M,45-64
883,812,A,Y,M,45-64
884,770,B,Z,F,18-29
885,830,B,Y,M,45-64
886,885,D,Y,F,45-64
887,823,C,Y,M,65+
888,810,A,Z,M,65+
889,803,B,Z,M,65+
890,756,C,Y,M,30-44
891,785,B,X,F,65+
892,859,D,X,F,30-44
893,804,A,Y,F,30-44
894,753,C,Z,M,18-29
895,813,D,Y,M,30-44
896,801,B,Y,M,30-44
897,816,D,Z,F,65+
898,703,D,Y,F,18-29
899,688,A,Z,M,45-64
900,884,A,Y,M,18-29
901,749,A,Z,M,30-44
902,771,C,Y,M,18-29
903,778,D,Z,F,30-44
904,818,A,X,F,45-64
905,737,D,Z,F,65+
906,840,B,Y,F,45-64
907,824,B,X,F,18-29
908,769,B,X,M,30-44
909,784,A,Z,M,18-29
910,731,C,Z,M,65+
911,856,C,Z,M,18-29
912,772,A,Z,M,18-29
913,847,A,Y,F,65+
914,804,A,Z,F,65+
915,801,B,X,M,45-64
916,794,D,Z,M,45-64
917,808,B,Y,M,18-29
918,763,C,X,M,65+
919,781,B,Z,M,45-64
920,811,B,Y,F,45-64
921,780,B,X,F,30-44
922,868,D,Y,M,18-29
923,804,A,Z,M,18-29
924,852,D,X,M,18-29
925,798,A,Y,M,65+
926,740,C,Y,F,18-29
927,799,A,X,M,45-64
928,782,C,Z,F,65+
929,781,A,X,M,18-29
930,858,B,Z,M,45-64
931,802,C,Y,F,18-29
932,774,C,Y,M,18-29
933,790,D,Y,F,45-64
934,802,D,Z,F,65+
935,783,B,X,M,18-29
936,813,B,X,F,65+
937,768,D,X,F,45-64
938,737,A,Z,M,65+
939,763,D,X,F,65+
940,798,A,X,F,45-64
941,832,A,Z,M,45-64
942,776,A,Y,M,65+
943,768,C,Z,F,30-44
944,785,A,X,M,65+
945,826,D,X,M,65+
946,749,C,X,F,45-64
947,814,A,Z,M,65+
948,782,D,X,M,65+
949,768,D,Z,F,18-29
950,761,D,Y,F,18-29
951,806,D,Z,M,18-29
952,855,D,Y,M,18-29
953,810,A,Z,F,30-44
954,778,D,Y,F,18-29
955,867,B,Y,F,65+
956,752,C,Z,F,18-29
957,740,A,Z,M,18-29
958,720,C,Y,F,45-64
959,795,A,X,M,65+
960,736,B,Z,F,18-29
961,782,C,Z,M,30-44
962,881,A,Y,M,65+
963,833,B,Z,F,18-29
964,686,D,X,M,65+
965,850,D,Z,M,65+
966,744,A,Z,M,65+
967,714,D,Z,M,30-44
968,833,B,X,F,45-64
969,841,D,Y,M,45-64
970,781,D,Y,F,65+
971,824,B,X,F,45-64
972,796,C,Z,M,30-44
973,804,B,Z,F,45-64
974,738,B,Z,M,45-64
975,829,A,Y,F,65+
976,801,C,Y,M,18-29
977,836,A,Y,M,18-29
978,820,A,X,F,30-44
979,760,C,Z,F,30-44
980,827,A,Z,F,30-44
981,826,A,Y,F,18-29
982,742,B,Z,F,30-44
983,748,C,Z,M,65+
984,730,D,Y,F,18-29
985,915,A,Z,F,30-44
986,777,D,X,F,30-44
987,820,B,Y,F,30-44
988,760,A,X,M,18-29
989,775,D,X,F,45-64
990,774,C,X,M,45-64
991,749,A,Y,F,30-44
992,873,A,X,F,18-29
993,811,C,Y,F,18-29
994,713,C,Z,M,30-44
995,843,A,Z,M,65+
996,775,D,X,F,30-44
997,815,B,Z,F,45-64
998,709,C,Y,M,65+
999,871,A,X,F,65+
1000,821,B,Z,M,18-29
1001,799,C,Y,M,65+
1002,791,C,Z,F,18-29
1003,869,C,Z,F,65+
1004,767,A,Y,M,45-64
1005,759,A,X,M,18-29
1006,803,A,X,M,65+
1007,813,A,X,F,18-29
1008,766,B,X,F,45-64
1009,785,A,X,M,18-29
1010,785,B,Y,M,30-44
1011,736,C,Y,F,65+
1012,811,D,Y,F,18-29
1013,778,D,Z,M,18-29
1014,806,A,Z,M,18-29
1015,782,C,Z,M,45-64
1016,732,C,Z,M,45-64
1017,760,D,Y,F,18-29
1018,826,D,X,M,30-44
1019,755,D,Z,F,30-44
1020,836,C,Z,F,18-29
1021,848,B,X,M,18-29
1022,742,D,Z,M,45-64
1023,780,B,Z,F,30-44
1024,785,D,Z,M,30-44
1025,762,B,X,F,30-44
1026,754,A,X,M,65+
1027,805,A,Y,M,45-64
1028,841,A,X,F,45-64
1029,821,C,X,M,18-29
1030,752,C,Z,M,30-44
1031,840,C,Y,F,45-64
1032,777,C,Z,M,45-64
1033,785,C,Y,M,18-29
1034,766,C,X,M,65+
1035,798,C,Y,M,45-64
1036,820,D,Y,F,45-64
1037,796,C,Y,M,30-44
1038,776,A,Y,M,30-44
1039,817,C,Z,M,18-29
1040,787,A,Z,M,65+
1041,759,B,X,F,65+
1042,747,B,Y,F,30-44
1043,768,C,X,F,18-29
1044,823,D,Y,M,30-44
1045,797,B,Z,M,65+
1046,765,B,X,M,65+
1047,804,C,X,M,65+
1048,790,B,X,F,45-64
1049,753,B,X,M,45-64
1050,797,D,Y,F,18-29
1051,804,A,Z,F,18-29
1052,819,C,Z,F,30-44
1053,766,D,Z,F,45-64
1054,810,A,Z,F,65+
1055,705,B,Z,F,45-64
1056,762,C,Y,F,18-29
1057,788,B,Y,M,30-44
1058,808,A,Z,F,30-44
1059,766,B,X,M,45-64
1060,780,A,Z,M,65+
1061,781,C,Z,M,65+
1062,795,D,Y,M,30-44
1063,820,D,X,M,18-29
1064,804,B,Z,M,30-44
1065,770,A,Z,M,18-29
1066,797,B,Y,M,65+
1067,811,A,Z,F,18-29
1068,770,B,Y,F,65+
1069,738,B,X,F,30-44
1070,723,B,Z,F,30-44
1071,755,C,Y,M,30-44
1072,818,D,Y,M,18-29
1073,841,A,X,F,30-44
1074,778,A,X,F,18-29
1075,740,A,X,F,30-44
1076,808,A,Z,F,65+
1077,849,C,X,F,30-44
1078,803,D,Y,F,18-29
1079,750,D,X,F,65+
1080,857,B,X,F,65+
1081,824,C,X,M,18-29
1082,826,A,Z,M,65+
1083,771,B,Z,F,65+
1084,805,C,X,M,65+
1085,847,C,Y,F,45-64
1086,809,C,Z,F,30-44
1087,794,D,Z,F,30-44
1088,778,C,Z,F,45-64
1089,792,C,Z,F,65+
1090,816,B,Z,M,30-44
1091,717,D,Z,M,18-29
1092,806,B,Z,F,45-64
1093,726,A,X,F,18-29
1094,770,A,X,F,65+
1095,793,A,X,F,30-44
1096,888,C,X,M,65+
1097,745,D,Z,F,18-29
1098,854,B,Z,F,65+
1099,829,A,X,F,30-44
1100,766,A,Z,M,30-44
1101,788,A,Y,M,18-29
1102,799,B,X,F,65+
1103,730,C,Z,F,65+
1104,776,B,Z,M,18-29
1105,779,A,Z,F,45-64
1106,807,C,Y,M,30-44
1107,787,D,Y,M,45-64
1108,785,B,Y,M,18-29
1109,837,C,Y,M,45-64
1110,784,C,Z,F,65+
1111,791,D,X,F,65+
1112,752,D,Z,M,65+
1113,761,A,Y,M,65+
1114,809,B,Z,M,45-64
1115,801,D,Y,M,45-64
1116,799,B,Y,M,65+
1117,751,C,X,M,65+
1118,831,C,Y,M,45-64
1119,841,B,Z,M,65+
1120,806,B,X,M,45-64
1121,851,B,X,M,30-44
1122,837,C,X,M,18-29
1123,756,A,Z,F,18-29
1124,809,A,Y,F,45-64
1125,844,D,Z,F,65+
1126,747,B,Z,F,65+
1127,765,B,Z,M,18-29
1128,877,D,Y,M,45-64
1129,828,D,Z,M,65+
1130,683,A,Z,F,45-64
1131,783,A,X,M,65+
1132,862,A,Y,F,45-64
1133,793,B,Z,F,30-44
1134,738,C,Y,F,45-64
1135,854,B,Y,F,30-44
1136,783,D,Z,F,45-64
1137,736,D,Y,F,30-44
1138,854,B,Z,M,18-29
1139,833,C,X,F,65+
1140,841,B,X,M,65+
1141,768,A,X,F,65+
1142,827,B,Z,F,65+
1143,828,C,Y,M,65+
1144,781,A,Z,M,18-29
1145,811,B,Y,F,18-29
1146,777,D,Z,F,45-64
1147,824,C,Y,F,45-64
1148,857,A,Y,M,45-64
1149,783,B,Z,M,45-64
1150,847,C,Y,F,65+
1151,884,A,Y,F,65+
1152,789,B,X,F,65+
1153,739,D,X,M,30-44
1154,823,C,X,F,45-64
1155,715,C,Z,F,65+
1156,826,C,Y,F,65+
1157,835,D,X,M,18-29
1158,758,B,Z,M,45-64
1159,808,A,X,M,65+
1160,879,A,X,M,65+
1161,843,A,X,F,18-29
1162,828,A,Y,M,18-29
1163,804,D,Y,M,30-44
1164,740,C,Y,M,30-44
1165,771,B,X,M,45-64
1166,801,C,Y,F,45-64
1167,818,D,X,M,65+
1168,809,D,Z,F,45-64
1169,761,D,Z,M,18-29
1170,753,D,Y,F,65+
1171,768,C,X,F,18-29
1172,745,A,Z,M,45-64
1173,832,C,Y,M,65+
1174,826,D,Y,M,65+
1175,782,C,Z,M,18-29
1176,740,C,X,F,65+
1177,820,D,X,M,65+
1178,781,D,X,F,18-29
1179,840,D,Z,M,45-64
1180,730,C,Z,F,65+
1181,800,B,X,M,30-44
1182,801,C,X,F,65+
1183,734,C,Z,F,30-44
1184,794,C,X,M,18-29
1185,819,A,X,M,45-64
1186,787,C,X,F,18-29
1187,814,B,X,M,18-29
1188,829,D,X,F,65+
1189,814,C,Y,F,65+
1190,837,A,Y,M,30-44
1191,771,A,Y,F,18-29
1192,767,D,X,M,45-64
1193,811,D,X,M,30-44
1194,703,D,Y,M,18-29
1195,762,B,Y,M,30-44
1196,788,D,Y,F,45-64
1197,711,B,Z,M,18-29
1198,807,C,Y,F,30-44
1199,786,C,X,M,18-29
1200,793,B,Z,F,45-64
1201,807,A,X,F,18-29
1202,773,D,X,M,18-29
1203,730,D,Z,M,45-64
1204,819,A,X,M,65+
1205,831,A,Z,F,18-29
1206,753,A,Y,M,18-29
1207,824,B,Y,M,45-64
1208,824,C,Y,M,18-29
1209,796,D,Y,M,45-64
1210,795,A,Y,F,45-64
1211,763,D,X,M,45-64
1212,717,C,Z,F,45-64
1213,781,B,X,M,65+
1214,774,C,Y,F,65+
1215,757,A,Z,F,30-44
1216,814,A,Z,F,30-44
1217,803,C,Z,M,65+
1218,782,B,Z,F,30-44
1219,781,C,Y,F,45-64
1220,794,A,X,M,18-29
1221,753,B,X,M,30-44
1222,801,A,Y,M,18-29
1223,839,A,Z,F,65+
1224,724,C,X,F,30-44
1225,792,A,X,M,65+
1226,802,A,Y,M,45-64
1227,811,D,Y,M,45-64
1228,744,A,Z,M,45-64
1229,784,A,X,M,18-29
1230,718,B,Z,F,30-44
1231,798,B,Z,M,30-44
1232,785,D,Z,M,45-64
1233,734,D,Z,F,18-29
1234,828,B,X,F,45-64
1235,876,B,Z,F,45-64
1236,791,C,Z,F,45-64
1237,771,D,Z,F,45-64
1238,834,B,Z,M,65+
1239,812,C,Y,F,65+
1240,777,D,X,M,45-64
1241,834,A,Z,M,45-64
1242,831,A,Y,M,30-44
1243,777,C,X,F,30-44
1244,855,A,X,F,45-64
1245,841,B,X,F,45-64
1246,856,B,X,F,45-64
1247,783,A,Z,F,30-44
1248,798,A,Z,F,65+
1249,779,B,Y,M,45-64
1250,859,A,Z,F,18-29
1251,811,A,Y,F,65+
1252,789,D,X,M,18-29
1253,863,D,X,F,18-29
1254,822,C,Z,M,45-64
1255,777,B,X,M,65+
1256,789,D,Z,M,30-44
1257,787,D,Y,F,30-44
1258,796,B,Y,M,65+
1259,767,A,Z,F,45-64
1260,815,A,Y,F,30-44
1261,727,B,Y,M,65+
1262,860,D,Z,M,30-44
1263,857,B,X,F,65+
1264,834,C,Z,M,18-29
1265,810,D,Y,F,45-64
1266,792,B,Y,F,18-29
1267,804,C,X,F,65+
1268,788,B,Y,M,30-44
1269,830,B,Z,F,30-44
1270,791,A,X,M,30-44
1271,723,B,Y,M,45-64
1272,767,A,Y,F,65+
1273,843,A,Y,M,30-44
1274,795,B,Z,F,65+
1275,786,B,Z,M,65+
1276,806,A,Y,M,18-29
1277,837,C,X,F,18-29
1278,723,D,Z,M,18-29
1279,795,D,Z,F,45-64
1280,762,A,X,F,65+
1281,796,B,Y,M,45-64
1282,700,D,Z,M,30-44
1283,731,B,Z,F,18-29
1284,746,A,X,F,45-64
1285,810,D,Y,M,18-29
1286,748,C,Z,F,45-64
1287,815,C,X,F,18-29
1288,719,C,Y,M,45-64
1289,858,B,X,F,65+
1290,817,B,X,F,30-44
1291,777,D,X,M,65+
1292,811,C,Z,F,65+
1293,778,B,X,M,30-44
1294,808,B,Y,M,65+
1295,790,B,Z,M,45-64
1296,797,A,Z,M,30-44
1297,775,C,X,M,45-64
1298,787,D,Y,F,65+
1299,768,C,X,M,18-29
1300,823,B,X,M,45-64
1301,840,B,Z,M,30-44
1302,778,A,Y,M,65+
1303,777,B,Z,F,45-64
1304,801,B,Y,F,65+
1305,833,B,X,M,30-44
1306,788,A,Y,M,45-64
1307,767,D,X,M,30-44
1308,760,A,X,F,65+
1309,793,C,Y,M,65+
1310,805,D,X,F,45-64
1311,813,D,Z,M,18-29
1312,788,D,Y,M,30-44
1313,713,D,Z,M,65+
1314,748,A,X,F,65+
1315,811,D,Y,F,65+
1316,794,B,Y,F,18-29
1317,802,B,Y,F,18-29
1318,844,A,X,M,65+
1319,795,D,Y,F,18-29
1320,867,B,Y,M,65+
1321,801,A,Y,F,30-44
1322,775,A,X,M,65+
1323,815,C,X,F,30-44
1324,780,D,Z,F,18-29
1325,766,B,Y,M,30-44
1326,781,B,X,M,65+
1327,843,C,Y,F,45-64
1328,757,B,X,M,30-44
1329,798,A,Z,F,18-29
1330,835,D,Y,F,18-29
1331,813,D,X,M,65+
1332,758,D,Y,F,18-29
1333,792,A,X,F,30-44
1334,754,A,X,M,18-29
1335,828,C,X,M,18-29
1336,722,C,Y,M,18-29
1337,796,A,Y,M,30-44
1338,755,C,Z,M,65+
1339,800,C,X,M,45-64
1340,819,C,Y,F,18-29
1341,806,D,Z,M,45-64
1342,762,D,X,M,45-64
1343,716,C,Z,F,30-44
1344,797,B,Z,M,18-29
1345,884,A,Y,F,65+
1346,744,C,Y,F,30-44
1347,740,D,Z,F,65+
1348,832,B,Z,M,45-64
1349,770,B,X,M,18-29
1350,811,D,Z,M,30-44
1351,759,D,Y,M,45-64
1352,696,C,Z,M,18-29
1353,769,B,Z,F,45-64
1354,855,A,Y,F,45-64
1355,780,A,X,F,45-64
1356,781,D,Z,M,30-44
1357,801,B,Y,F,65+
1358,779,D,X,M,65+
1359,748,B,Z,F,45-64
1360,859,D,Y,M,45-64
1361,810,C,Z,M,30-44
1362,818,C,Y,M,30-44
1363,733,C,X,F,65+
1364,685,B,Z,F,30-44
1365,892,A,Y,F,18-29
1366,761,C,Y,M,65+
1367,800,B,Y,F,45-64
1368,746,B,Z,F,30-44
1369,805,A,Y,M,30-44
1370,750,A,Y,M,65+
1371,851,B,X,F,65+
1372,806,C,Y,M,18-29
1373,838,B,X,M,65+
1374,782,D,Z,M,18-29
1375,678,C,X,M,45-64
1376,785,D,X,M,45-64
1377,687,A,Z,F,30-44
1378,711,C,X,M,45-64
1379,765,C,Z,F,65+
1380,780,A,Y,M,30-44
1381,804,C,X,M,18-29
1382,821,B,Z,F,45-64
1383,747,C,X,F,30-44
1384,841,B,X,F,45-64
1385,718,D,X,M,18-29
1386,853,D,Z,M,18-29
1387,777,D,X,M,65+
1388,819,D,X,F,45-64
1389,777,C,Y,M,18-29
1390,833,D,Z,M,18-29
1391,763,D,X,F,45-64
1392,758,D,Y,M,30-44
1393,785,B,Z,F,45-64
1394,765,D,X,F,45-64
1395,828,D,Y,M,18-29
1396,803,D,X,F,65+
1397,738,D,X,F,45-64
1398,816,B,Z,M,65+
1399,822,A,Y,M,45-64
1400,844,D,Y,F,30-44
1401,844,B,Z,M,65+
1402,783,D,X,F,30-44
1403,877,D,Y,F,30-44
1404,782,B,Z,M,65+
1405,795,A,Z,F,45-64
1406,780,A,Y,M,45-64
1407,790,D,X,M,65+
1408,882,C,Y,M,18-29
1409,752,B,X,M,30-44
1410,823,B,Y,F,65+
1411,829,D,X,M,45-64
1412,834,C,Z,F,65+
1413,839,C,X,M,65+
1414,811,B,Y,M,45-64
1415,832,A,X,F,18-29
1416,807,C,X,M,65+
1417,766,D,Z,F,65+
1418,796,D,Y,F,30-44
1419,807,B,Y,M,30-44
1420,829,D,Y,F,30-44
1421,794,C,Z,M,30-44
1422,802,A,X,M,30-44
1423,734,D,Z,F,30-44
1424,749,A,X,F,65+
1425,804,D,Z,M,65+
1426,875,D,Z,F,65+
1427,813,C,X,M,65+
1428,716,A,Z,F,30-44
1429,753,C,Y,F,18-29
1430,793,A,Z,F,45-64
1431,787,A,Z,F,18-29
1432,809,B,Z,F,65+
1433,764,A,Z,M,30-44
1434,741,D,Z,M,45-64
1435,855,A,Y,M,65+
1436,865,D,Z,F,45-64
1437,829,D,Y,F,45-64
1438,856,B,X,F,45-64
1439,722,A,Z,F,30-44
1440,749,A,Z,F,18-29
1441,792,C,Y,M,30-44
1442,818,A,Y,F,30-44
1443,828,C,Y,F,18-29
1444,779,A,Z,M,30-44
1445,855,D,Y,M,45-64
1446,821,B,Y,M,18-29
1447,757,C,X,M,30-44
1448,837,D,Y,F,30-44
1449,723,D,Z,M,30-44
1450,800,C,X,F,18-29
1451,824,A,X,F,65+
1452,799,D,Y,F,30-44
1453,775,D,Z,F,65+
1454,784,C,X,F,18-29
1455,753,C,Y,F,45-64
1456,764,A,X,F,65+
1457,808,C,Y,F,45-64
1458,858,A,Y,F,65+
1459,797,B,Z,M,45-64
1460,876,B,Y,M,18-29
1461,757,A,X,F,18-29
1462,749,A,Z,F,45-64
1463,818,B,Z,F,45-64
1464,804,B,X,M,18-29
1465,797,A,Z,M,18-29
1466,832,A,X,M,65+
1467,868,B,X,M,45-64
1468,701,C,Y,M,65+
1469,820,C,Y,F,45-64
1470,834,B,X,F,18-29
1471,736,D,Y,F,18-29
1472,784,C,Y,M,65+
1473,789,A,Y,M,65+
1474,795,B,Z,F,18-29
1475,763,B,Z,F,30-44
1476,847,A,Y,F,18-29
1477,780,A,X,M,45-64
1478,799,D,X,F,30-44
1479,830,A,X,F,45-64
1480,834,B,Z,F,65+
1481,724,A,Z,F,65+
1482,741,D,Y,M,30-44
1483,761,A,Y,F,18-29
1484,812,C,Y,F,65+
1485,779,A,Z,M,45-64
1486,736,C,X,F,45-64
1487,810,B,X,M,65+
1488,854,B,Y,F,18-29
1489,847,C,Y,M,65+
1490,751,B,X,M,30-44
1491,780,A,Z,M,65+
1492,822,D,X,F,65+
1493,800,D,X,M,45-64
1494,778,A,Y,M,65+
1495,775,A,X,F,30-44
1496,773,B,X,M,30-44
1497,833,D,Z,M,65+
1498,778,A,X,M,18-29
1499,855,B,Z,M,45-64
1500,829,A,Y,M,18-29
1501,827,A,X,F,30-44
1502,816,A,X,F,45-64
1503,807,D,Y,M,30-44
1504,764,C,X,M,30-44
1505,744,C,X,M,45-64
1506,773,B,Y,M,45-64
1507,792,B,Y,M,18-29
1508,845,B,X,F,30-44
1509,726,A,Y,M,18-29
1510,779,A,X,M,45-64
1511,736,D,Z,F,30-44
1512,815,B,X,F,65+
1513,831,D,X,M,18-29
1514,788,B,Z,F,18-29
1515,778,C,Y,F,18-29
1516,723,B,X,M,18-29
1517,788,C,Z,M,65+
1518,734,B,Y,M,30-44
1519,868,A,X,F,65+
1520,790,B,X,M,18-29
1521,727,C,Y,M,65+
1522,753,C,Y,F,18-29
1523,806,A,Z,M,30-44
1524,835,B,X,F,18-29
1525,783,A,X,F,45-64
1526,808,D,X,F,30-44
1527,772,A,Y,M,18-29
1528,809,B,Z,F,30-44
1529,794,D,X,M,65+
1530,854,D,X,F,30-44
1531,763,B,Z,F,30-44
1532,797,D,Y,M,65+
1533,858,B,Z,F,45-64
1534,882,B,Y,M,18-29
1535,793,A,Y,M,18-29
1536,749,D,Y,F,30-44
1537,775,C,X,F,30-44
1538,807,B,Z,M,18-29
1539,758,D,Z,F,30-44
1540,759,D,Y,F,18-29
1541,788,D,Z,M,30-44
1542,797,C,Y,M,30-44
1543,819,A,Y,M,18-29
1544,736,D,Z,M,65+
1545,796,D,Y,M,65+
1546,786,D,X,M,18-29
1547,801,D,X,M,45-64
1548,732,C,X,M,18-29
1549,739,D,Z,F,30-44
1550,801,D,Z,M,65+
1551,790,D,X,F,30-44
1552,836,C,Z,F,18-29
1553,730,A,Y,F,18-29
1554,811,C,Y,F,30-44
1555,775,A,Z,F,18-29
1556,788,C,X,M,65+
1557,789,C,Y,M,45-64
1558,763,C,X,M,30-44
1559,817,B,Y,M,18-29
1560,748,D,Z,M,30-44
1561,736,C,Y,F,65+
1562,759,C,X,M,45-64
1563,790,C,Y,F,18-29
1564,726,D,Z,F,65+
1565,794,C,Z,M,30-44
1566,823,D,X,M,65+
1567,806,B,Y,M,18-29
1568,776,B,Y,M,30-44
1569,787,D,X,M,18-29
1570,779,C,Y,M,65+
1571,773,C,Y,F,18-29
1572,808,C,X,M,18-29
1573,772,B,Z,F,65+
1574,783,C,Z,F,65+
1575,758,D,Y,F,30-44
1576,761,C,X,F,30-44
1577,834,D,Y,F,18-29
1578,797,B,Y,F,65+
1579,818,B,Z,M,45-64
1580,784,B,X,M,30-44
1581,843,B,X,M,45-64
1582,735,B,Y,F,45-64
1583,759,B,X,M,45-64
1584,703,C,X,F,65+
1585,787,B,Z,F,18-29
1586,748,A,Y,F,30-44
1587,737,D,Y,M,18-29
1588,827,C,Z,F,65+
1589,833,C,Z,M,65+
1590,738,C,Z,M,65+
1591,799,A,X,M,45-64
1592,758,A,Y,M,65+
1593,797,C,X,F,18-29
1594,833,B,Z,M,45-64
1595,818,B,X,M,65+
1596,708,A,Z,F,30-44
1597,803,D,Y,M,45-64
1598,728,D,X,F,45-64
1599,837,D,Y,M,45-64
1600,740,C,Y,F,65+
1601,765,A,X,F,65+
1602,846,D,Y,M,65+
1603,859,D,X,M,30-44
1604,833,B,Y,F,45-64
1605,774,A,Z,F,18-29
1606,808,A,Y,F,65+
1607,849,B,Z,F,30-44
1608,835,B,X,F,45-64
1609,830,D,X,F,45-64
1610,788,D,Z,F,30-44
1611,775,A,X,M,45-64
1612,819,C,Z,F,18-29
1613,784,C,Y,M,65+
1614,775,B,X,M,45-64
1615,771,D,X,F,65+
1616,807,D,Y,F,18-29
1617,746,C,Z,M,45-64
1618,830,B,Z,M,30-44
1619,788,C,Y,M,45-64
1620,825,B,X,F,45-64
1621,725,D,Z,F,18-29
1622,867,C,Y,M,30-44
1623,849,B,X,M,45-64
1624,824,C,Z,F,45-64
1625,859,C,X,F,30-44
1626,777,A,X,F,45-64
1627,785,D,Y,F,30-44
1628,866,A,X,M,30-44
1629,693,B,Z,M,65+
1630,723,D,X,M,30-44
1631,798,A,Y,F,45-64
1632,776,C,X,F,45-64
1633,822,B,Z,F,18-29
1634,739,A,X,M,30-44
1635,794,B,Y,M,30-44
1636,784,B,X,F,18-29
1637,792,A,X,F,65+
1638,804,A,X,M,18-29
1639,802,A,Y,M,45-64
1640,762,A,X,F,18-29
1641,752,A,X,M,30-44
1642,749,B,Z,F,18-29
1643,788,A,X,F,45-64
1644,751,C,X,M,18-29
1645,769,A,Z,M,30-44
1646,751,B,Y,M,18-29
1647,785,A,X,F,45-64
1648,732,B,Y,M,30-44
1649,830,C,Y,F,30-44
1650,775,B,Y,M,45-64
1651,823,A,Y,M,30-44
1652,799,D,Y,F,18-29
1653,847,A,Y,F,18-29
1654,694,D,Y,F,45-64
1655,733,D,X,F,45-64
1656,727,D,X,M,65+
1657,791,C,X,M,65+
1658,763,A,Y,F,18-29
1659,788,A,X,F,65+
1660,839,A,Z,M,18-29
1661,716,C,X,F,30-44
1662,852,D,X,M,65+
1663,774,D,Y,F,65+
1664,794,C,Y,F,65+
1665,681,C,X,F,18-29
1666,744,A,Y,F,65+
1667,845,B,Z,M,18-29
1668,749,A,Z,M,18-29
1669,745,D,Z,M,30-44
1670,846,D,Z,F,30-44
1671,760,C,Z,M,18-29
1672,773,D,Y,M,45-64
1673,821,D,Y,F,45-64
1674,766,A,X,F,18-29
1675,836,D,Y,F,65+
1676,815,D,Y,M,18-29
1677,760,B,Z,F,30-44
1678,751,D,Y,M,45-64
1679,824,D,Y,M,65+
1680,805,D,Y,M,18-29
1681,855,D,Y,F,65+
1682,739,C,Y,F,18-29
1683,764,A,Z,M,30-44
1684,720,C,Y,M,45-64
1685,769,D,X,F,45-64
1686,733,C,Y,F,18-29
1687,818,B,X,M,45-64
1688,820,A,Z,M,45-64
1689,830,A,Y,M,18-29
1690,821,C,X,F,65+
1691,786,D,Y,M,65+
1692,770,A,Y,F,65+
1693,733,C,Z,M,65+
1694,761,A,Z,M,45-64
1695,737,D,Z,F,30-44
1696,770,C,Y,F,30-44
1697,748,D,Z,M,30-44
1698,817,C,Y,M,45-64
1699,763,D,X,M,18-29
1700,764,C,Y,M,65+
1701,723,D,X,F,18-29
1702,771,C,Z,F,65+
1703,788,C,X,F,65+
1704,857,C,Z,F,30-44
1705,792,A,Z,M,65+
1706,767,B,Z,F,45-64
1707,783,D,Z,M,30-44
1708,803,C,Y,M,30-44
1709,779,B,Z,F,65+
1710,822,D,Y,M,30-44
1711,774,D,Y,F,30-44
1712,773,C,Z,M,65+
1713,780,B,X,M,30-44
1714,775,A,X,F,65+
1715,797,D,Z,F,65+
1716,698,A,X,M,45-64
1717,840,B,X,F,45-64
1718,803,B,Z,M,65+
1719,796,A,X,M,45-64
1720,873,C,X,F,45-64
1721,737,A,Y,M,30-44
1722,749,A,Z,M,45-64
1723,813,D,X,M,18-29
1724,786,C,Y,F,30-44
1725,793,D,X,M,18-29
1726,825,B,X,F,65+
1727,796,D,Y,M,65+
1728,793,C,Z,M,45-64
1729,844,D,Y,M,45-64
1730,775,B,Y,F,45-64
1731,762,C,X,M,18-29
1732,808,B,Y,F,45-64
1733,760,C,Z,M,30-44
1734,831,D,Y,M,65+
1735,771,C,Y,M,30-44
1736,814,C,X,M,65+
1737,749,C,Z,F,18-29
1738,737,C,X,F,65+
1739,845,D,Y,F,18-29
1740,803,B,Z,F,18-29
1741,774,C,Y,F,65+
1742,699,A,X,M,65+
1743,807,B,X,F,30-44
1744,742,C,Y,M,18-29
1745,751,B,X,M,65+
1746,847,C,Y,F,30-44
1747,767,C,X,F,45-64
1748,823,B,X,F,45-64
1749,777,B,Y,F,30-44
1750,743,A,X,M,18-29
1751,749,D,X,F,30-44
1752,820,A,Y,F,45-64
1753,838,B,X,F,30-44
1754,833,A,X,F,65+
1755,788,D,X,M,30-44
1756,811,B,Y,F,65+
1757,783,D,X,F,30-44
1758,807,B,Y,M,65+
1759,757,B,Y,M,18-29
1760,738,C,Y,M,65+
1761,827,B,Y,F,18-29
1762,778,A,Y,M,45-64
1763,812,D,Z,M,65+
1764,780,D,Z,F,18-29
1765,778,A,Z,M,18-29
1766,728,C,X,F,45-64
1767,916,A,X,F,65+
1768,772,C,Y,F,30-44
1769,766,A,Z,M,45-64
1770,723,B,Z,F,45-64
1771,822,D,X,M,45-64
1772,837,D,X,F,18-29
1773,806,C,X,M,65+
1774,727,C,Z,F,65+
1775,844,C,Y,F,45-64
1776,779,D,X,F,65+
1777,811,B,Z,F,18-29
1778,783,B,X,M,30-44
1779,843,B,X,F,45-64
1780,784,B,Z,F,65+
1781,790,A,Y,M,65+
1782,787,C,Z,F,65+
1783,755,D,X,M,18-29
1784,780,C,X,M,45-64
1785,843,B,X,F,30-44
1786,849,A,Z,M,65+
1787,872,A,X,F,18-29
1788,802,C,X,F,18-29
1789,764,D,Y,M,45-64
1790,839,B,X,M,65+
1791,783,D,Y,F,18-29
1792,781,C,X,F,45-64
1793,835,B,X,M,45-64
1794,789,C,X,M,65+
1795,791,A,Y,F,30-44
1796,771,B,Y,M,18-29
1797,852,B,X,F,65+
1798,809,C,Z,M,18-29
1799,816,C,Y,F,45-64
1800,750,B,Y,M,45-64
1801,821,B,Y,F,65+
1802,811,D,Y,F,18-29
1803,838,D,Y,M,65+
1804,761,D,X,M,45-64
1805,782,D,Z,M,30-44
1806,735,D,Z,M,45-64
1807,836,D,Y,M,65+
1808,734,C,X,M,45-64
1809,786,B,Z,F,45-64
1810,717,A,Z,M,18-29
1811,838,A,Z,F,65+
1812,760,A,Y,F,45-64
1813,724,C,Z,M,18-29
1814,758,A,Z,F,30-44
1815,856,B,Y,M,18-29
1816,774,D,Z,F,45-64
1817,799,D,Z,F,45-64
1818,833,C,X,M,30-44
1819,763,A,Z,F,18-29
1820,743,D,Z,M,18-29
1821,773,D,X,M,30-44
1822,779,D,Y,F,65+
1823,772,C,Z,F,65+
1824,754,C,X,M,30-44
1825,777,A,X,M,18-29
1826,834,B,X,M,65+
1827,790,B,Z,M,65+
1828,870,B,X,F,65+
1829,747,B,Y,F,18-29
1830,749,A,X,M,65+
1831,707,D,Y,M,65+
1832,859,B,X,F,65+
1833,792,A,Y,M,18-29
1834,845,D,Y,F,45-64
1835,751,A,Y,F,65+
1836,863,D,X,M,18-29
1837,841,D,Z,F,18-29
1838,757,C,Z,F,65+
1839,774,A,Y,F,65+
1840,750,D,X,M,45-64
1841,831,B,Y,F,65+
1842,763,B,Z,M,45-64
1843,807,D,X,F,65+
1844,813,D,Z,F,65+
1845,826,B,Z,M,45-64
1846,799,A,Z,F,30-44
1847,722,B,X,M,65+
1848,788,A,Y,F,45-64
1849,800,B,X,M,18-29
1850,808,C,Y,F,30-44
1851,759,B,Z,M,18-29
1852,889,C,Y,M,30-44
1853,821,A,Z,M,65+
1854,806,C,Y,F,18-29
1855,774,C,X,M,18-29
1856,783,D,Y,M,18-29
1857,805,A,Z,M,18-29
1858,809,B,Z,M,30-44
1859,877,C,X,F,65+
1860,696,D,Z,M,30-44
1861,790,C,Y,M,18-29
1862,826,B,Y,F,18-29
1863,805,B,Y,F,45-64
1864,801,B,X,F,45-64
1865,805,D,Y,M,30-44
1866,810,D,X,M,65+
1867,831,D,Y,F,45-64
1868,783,A,Y,M,18-29
1869,805,A,X,F,45-64
1870,835,D,X,F,18-29
1871,748,D,X,M,18-29
1872,802,C,Y,F,45-64
1873,798,C,Y,M,45-64
1874,799,B,Z,F,65+
1875,806,B,Z,F,45-64
1876,823,D,X,F,18-29
1877,851,A,Z,F,65+
1878,796,B,Z,F,30-44
1879,820,A,Z,F,45-64
1880,845,B,X,M,45-64
1881,830,B,Y,F,18-29
1882,758,A,Y,F,45-64
1883,837,A,X,M,65+
1884,730,C,Z,M,65+
1885,837,C,X,M,45-64
1886,746,C,Y,M,65+
1887,737,B,X,F,30-44
1888,776,C,Y,M,30-44
1889,855,D,Y,M,18-29
1890,759,A,Y,M,65+
1891,776,B,Y,M,45-64
1892,744,D,Z,F,45-64
1893,848,D,Z,F,65+
1894,725,D,Z,F,30-44
1895,712,B,Z,M,65+
1896,764,D,X,M,30-44
1897,810,D,Y,M,30-44
1898,776,C,X,F,18-29
1899,828,A,Y,F,18-29
1900,758,B,X,F,45-64
1901,817,C,Y,F,65+
1902,876,A,X,M,65+
1903,834,A,Y,F,30-44
1904,767,B,Z,F,18-29
1905,787,A,Z,F,18-29
1906,771,A,Y,F,45-64
1907,799,D,Y,F,65+
1908,855,B,X,F,65+
1909,812,D,X,F,18-29
1910,820,D,Y,M,65+
1911,788,C,Z,M,65+
1912,790,C,Z,M,30-44
1913,793,A,Z,F,18-29
1914,809,A,X,M,30-44
1915,831,D,Z,M,18-29
1916,788,B,X,F,30-44
1917,808,B,Z,F,18-29
1918,806,C,Y,M,65+
1919,798,A,Y,F,30-44
1920,759,D,X,F,65+
1921,697,C,X,M,18-29
1922,769,B,Y,M,30-44
1923,709,C,X,M,45-64
1924,813,D,Z,M,18-29
1925,827,C,X,M,18-29
1926,730,C,Y,M,45-64
1927,746,B,Y,F,45-64
1928,793,D,X,M,30-44
1929,779,B,Z,M,65+
1930,781,D,X,F,18-29
1931,761,C,Y,F,18-29
1932,871,D,X,F,30-44
1933,756,A,Y,M,30-44
1934,834,B,Y,F,65+
1935,746,A,Z,M,30-44
1936,768,C,Z,M,30-44
1937,776,D,Z,F,18-29
1938,761,A,Y,F,30-44
1939,865,A,X,F,45-64
1940,788,C,Z,F,45-64
1941,711,B,Z,F,18-29
1942,867,B,Z,M,45-64
1943,851,A,Y,M,30-44
1944,776,C,Y,M,45-64
1945,862,C,Z,F,65+
1946,762,C,X,F,45-64
1947,770,B,Y,F,18-29
1948,793,B,Z,M,65+
1949,753,A,X,M,65+
1950,830,D,Y,M,18-29
1951,847,A,Z,F,18-29
1952,819,C,Y,F,65+
1953,779,B,Z,M,18-29
1954,739,D,Y,M,65+
1955,805,A,X,M,45-64
1956,777,C,X,M,45-64
1957,785,B,X,F,45-64
1958,799,A,Y,F,30-44
1959,851,A,X,F,18-29
1960,787,C,Z,F,30-44
1961,816,B,Z,M,18-29
1962,789,B,Z,M,30-44
1963,756,C,Z,M,45-64
1964,786,B,Z,M,45-64
1965,815,D,X,F,18-29
1966,786,C,Y,F,45-64
1967,856,A,Z,F,65+
1968,780,C,Z,M,30-44
1969,887,A,Y,F,65+
1970,752,C,X,F,30-44
1971,783,C,X,M,30-44
1972,835,D,X,M,30-44
1973,758,B,Y,F,18-29
1974,807,A,X,F,65+
1975,855,A,Z,F,45-64
1976,748,B,X,F,30-44
1977,784,C,X,F,30-44
1978,811,A,Z,F,18-29
1979,793,D,Z,M,18-29
1980,799,A,X,F,45-64
1981,823,A,X,M,65+
1982,802,A,Y,F,18-29
1983,765,A,Z,M,18-29
1984,724,C,Y,F,18-29
1985,790,D,X,M,65+
1986,789,D,Y,F,18-29
1987,781,C,Z,M,65+
1988,846,C,Z,M,18-29
1989,801,A,X,M,30-44
1990,776,B,Z,F,45-64
1991,848,D,Y,F,30-44
1992,773,B,X,M,18-29
1993,801,B,Y,F,45-64
1994,696,C,Z,M,30-44
1995,737,D,Y,F,45-64
1996,760,C,X,M,18-29
1997,804,B,Z,M,65+
1998,734,C,X,M,30-44
1999,861,A,Y,M,65+
2000,796,D,Z,F,45-64
2001,759,C,Y,F,30-44
2002,805,A,Y,M,65+
2003,825,B,X,M,30-44
2004,746,D,Z,M,30-44
2005,722,D,Z,F,65+
2006,798,B,Y,M,18-29
2007,814,C,X,M,45-64
2008,756,A,Z,M,30-44
2009,723,C,Y,M,45-64
2010,802,A,X,M,30-44
2011,725,C,X,M,45-64
2012,773,B,Y,M,30-44
2013,830,B,X,M,45-64
2014,765,A,X,M,65+
2015,752,A,Y,M,45-64
2016,779,D,X,F,45-64
2017,812,B,Z,F,18-29
2018,860,A,X,M,30-44
2019,778,B,Z,F,45-64
2020,777,C,Z,F,30-44
2021,809,A,Z,M,45-64
2022,838,B,Y,M,18-29
2023,752,C,X,F,30-44
2024,759,A,Y,M,30-44
2025,827,D,Z,F,65+
2026,745,D,X,F,45-64
2027,868,D,Z,F,65+
2028,824,C,Z,F,18-29
2029,864,B,X,M,65+
2030,842,B,Y,M,45-64
2031,758,D,Y,M,45-64
2032,768,C,Z,M,30-44
2033,907,A,Y,F,45-64
2034,793,B,Z,M,65+
2035,779,C,Y,F,65+
2036,829,D,Y,F,65+
2037,775,C,Y,F,18-29
2038,667,B,Y,M,45-64
2039,729,A,Y,M,45-64
2040,755,A,Y,M,18-29
2041,815,A,X,F,18-29
2042,791,B,Y,M,45-64
2043,835,C,Y,F,30-44
2044,771,B,Z,F,18-29
2045,813,C,Y,F,65+
2046,789,D,Z,M,65+
2047,870,B,Y,M,30-44
2048,832,B,Y,M,65+
2049,808,D,Y,M,45-64
2050,863,B,Y,F,30-44
2051,768,D,Y,M,45-64
2052,838,B,Z,M,45-64
2053,792,A,Y,F,45-64
2054,768,B,Y,F,65+
2055,814,C,Y,M,18-29
2056,779,B,X,F,65+
2057,850,D,X,F,18-29
2058,772,D,X,F,18-29
2059,775,C,Z,F,45-64
2060,814,A,X,M,30-44
2061,795,A,Z,F,18-29
2062,896,B,X,M,65+
2063,830,C,X,M,45-64
2064,901,A,Y,M,45-64
2065,819,A,X,F,65+
2066,878,D,X,M,30-44
2067,778,D,Y,M,65+
2068,790,B,X,M,45-64
2069,822,D,Z,F,30-44
2070,820,C,Z,M,65+
2071,750,C,X,M,30-44
2072,801,D,X,F,30-44
2073,838,C,Z,F,65+
2074,811,D,Z,M,18-29
2075,825,C,Z,F,45-64
2076,825,C,Y,M,65+
2077,827,B,X,F,65+
2078,801,D,Z,M,18-29
2079,798,D,Z,M,30-44
2080,787,B,Y,F,18-29
2081,826,B,Y,F,18-29
2082,759,C,X,M,45-64
2083,809,D,Y,M,45-64
2084,705,B,Z,M,65+
2085,738,A,X,F,65+
2086,839,C,Z,F,30-44
2087,782,D,X,M,45-64
2088,780,A,Z,M,45-64
2089,817,D,Y,F,18-29
2090,802,A,Z,M,65+
2091,829,B,Y,F,30-44
2092,716,B,X,M,30-44
2093,801,C,X,F,30-44
2094,760,A,Z,M,45-64
2095,769,B,Y,F,30-44
2096,828,B,Z,M,30-44
2097,718,D,Z,M,18-29
2098,754,D,Z,F,65+
2099,733,A,Z,M,18-29
2100,826,D,X,M,45-64
2101,859,B,X,M,18-29
2102,802,D,X,M,45-64
2103,797,B,Z,M,30-44
2104,815,A,Z,M,30-44
2105,772,A,Y,M,45-64
2106,826,C,Z,M,30-44
2107,816,D,Y,M,30-44
2108,819,B,X,F,45-64
2109,798,B,X,F,45-64
2110,796,A,Y,M,65+
2111,904,B,X,F,45-64
2112,802,A,X,M,65+
2113,800,C,Z,F,18-29
2114,860,B,Y,M,45-64
2115,779,D,Z,M,45-64
2116,838,B,Z,F,65+
2117,810,A,Y,M,65+
2118,769,D,Z,M,18-29
2119,811,B,X,M,45-64
2120,851,B,Z,F,30-44
2121,764,A,X,M,45-64
2122,884,D,Y,M,30-44
2123,824,D,X,M,30-44
2124,770,D,Z,F,30-44
2125,858,C,Y,M,65+
2126,713,C,X,M,45-64
2127,824,C,X,M,18-29
2128,758,B,Z,M,65+
2129,885,C,X,F,18-29
2130,811,A,Y,M,30-44
2131,788,A,Z,M,30-44
2132,816,B,X,M,30-44
2133,819,B,Z,M,65+
2134,758,D,Y,M,30-44
2135,867,B,Y,M,30-44
2136,733,C,Y,F,30-44
2137,805,C,Y,M,45-64
2138,777,D,Y,M,65+
2139,753,D,Y,F,30-44
2140,820,D,X,F,65+
2141,763,A,Y,M,30-44
2142,800,C,Y,F,45-64
2143,734,D,Y,F,65+
2144,815,A,Y,M,65+
2145,870,B,X,M,18-29
2146,762,A,Z,F,65+
2147,824,D,Y,F,45-64
2148,840,D,Y,F,18-29
2149,794,D,X,M,65+
2150,771,B,X,F,45-64
2151,790,C,Z,F,45-64
2152,794,A,Z,F,65+
2153,868,B,X,F,18-29
2154,840,C,Z,M,30-44
2155,811,C,Z,F,30-44
2156,754,C,X,M,18-29
2157,820,A,X,F,65+
2158,724,A,Z,M,65+
2159,739,B,Y,F,45-64
2160,840,D,Z,F,65+
2161,798,A,X,F,30-44
2162,799,C,Z,M,65+
2163,797,C,X,M,65+
2164,750,A,X,M,65+
2165,823,D,Z,F,65+
2166,811,B,X,F,30-44
2167,811,B,X,F,30-44
2168,741,A,Y,M,30-44
2169,906,B,X,M,30-44
2170,781,C,Y,F,18-29
2171,769,B,X,F,18-29
2172,831,D,X,F,18-29
2173,803,C,X,M,65+
2174,746,D,Z,M,18-29
2175,759,A,Y,M,18-29
2176,804,A,X,M,65+
2177,787,C,Y,F,45-64
2178,827,D,Y,F,45-64
2179,823,C,X,F,65+
2180,765,D,Z,M,45-64
2181,872,C,X,M,65+
2182,758,D,Z,M,18-29
2183,797,A,Z,F,30-44
2184,761,C,Y,F,65+
2185,842,B,X,F,18-29
2186,729,C,X,F,65+
2187,815,B,Z,F,65+
2188,814,A,Y,F,65+
2189,743,A,Z,F,45-64
2190,747,B,Z,M,18-29
2191,813,B,Y,M,45-64
2192,838,D,X,F,18-29
2193,798,D,Z,M,30-44
2194,789,B,X,M,18-29
2195,738,D,Z,M,30-44
2196,775,C,Y,F,30-44
2197,746,C,Z,F,18-29
2198,833,B,Z,F,18-29
2199,832,C,X,M,45-64
2200,754,D,Z,F,65+
2201,868,B,X,F,18-29
2202,850,C,X,M,18-29
2203,746,C,Z,M,18-29
2204,771,C,X,F,65+
2205,832,A,Y,M,30-44
2206,787,D,Y,F,45-64
2207,751,B,Z,M,18-29
2208,798,D,X,F,45-64
2209,764,B,Y,M,65+
2210,803,D,X,F,30-44
2211,761,A,Z,F,45-64
2212,850,A,Y,F,30-44
2213,844,D,Y,F,18-29
2214,782,C,X,M,30-44
2215,757,A,X,F,65+
2216,929,C,Z,M,18-29
2217,825,D,Y,F,65+
2218,793,C,Y,F,18-29
2219,813,C,Y,M,65+
2220,808,A,X,F,18-29
2221,763,C,Y,M,30-44
2222,862,D,Z,F,45-64
2223,778,B,X,M,30-44
2224,847,A,Y,M,30-44
2225,752,D,Y,M,18-29
2226,819,A,Y,F,30-44
2227,821,A,X,F,65+
2228,753,B,Z,F,30-44
2229,804,A,X,M,65+
2230,844,D,Y,M,65+
2231,864,A,Y,F,45-64
2232,767,D,Y,M,18-29
2233,848,A,X,M,65+
2234,794,B,X,F,45-64
2235,775,A,Z,M,65+
2236,753,D,Z,F,45-64
2237,836,B,X,F,18-29
2238,862,B,Y,M,65+
2239,757,D,X,M,30-44
2240,736,A,X,M,18-29
2241,820,D,Y,M,18-29
2242,756,B,Z,M,30-44
2243,744,A,Z,F,18-29
2244,822,A,X,F,45-64
2245,787,B,Y,M,30-44
2246,799,C,X,F,65+
2247,742,B,Z,F,45-64
2248,839,C,Z,M,18-29
2249,745,A,X,M,30-44
2250,807,B,Y,M,30-44
2251,761,B,Z,F,45-64
2252,768,B,Z,F,18-29
2253,768,C,Y,F,30-44
2254,755,D,Y,M,45-64
2255,748,D,Z,M,30-44
2256,760,A,Z,F,30-44
2257,761,C,Z,M,65+
2258,822,B,Y,F,65+
2259,772,A,Z,M,18-29
2260,765,C,X,M,65+
2261,832,A,Y,M,45-64
2262,733,C,Y,M,30-44
2263,825,C,X,M,65+
2264,850,B,Y,M,18-29
2265,814,B,Z,F,65+
2266,744,A,Z,F,45-64
2267,686,C,Z,M,18-29
2268,792,B,Y,F,30-44
2269,755,C,Z,F,65+
2270,761,B,Y,M,30-44
2271,839,B,X,F,45-64
2272,762,A,Z,F,30-44
2273,763,D,Z,F,30-44
2274,874,D,Y,F,45-64
2275,817,C,Y,M,45-64
2276,777,A,Y,F,45-64
2277,831,A,Z,M,18-29
2278,784,B,X,M,18-29
2279,798,A,Z,F,65+
2280,799,A,Y,M,65+
2281,766,D,Z,M,65+
2282,760,A,Z,M,18-29
2283,757,D,Z,F,30-44
2284,821,A,Z,F,30-44
2285,810,B,X,M,45-64
2286,734,B,Z,F,18-29
2287,841,D,Y,F,30-44
2288,804,C,X,F,30-44
2289,853,A,Y,F,65+
2290,810,C,Y,M,18-29
2291,751,D,X,F,18-29
2292,892,D,Z,F,18-29
2293,753,C,X,F,45-64
2294,875,C,Y,M,18-29
2295,780,C,Z,M,65+
2296,793,C,X,M,65+
2297,817,D,X,M,30-44
2298,757,D,X,F,18-29
2299,735,B,Z,F,30-44
2300,794,D,Y,F,45-64
2301,753,C,Y,M,45-64
2302,772,A,Y,F,30-44
2303,770,B,Y,F,18-29
2304,738,C,Z,M,18-29
2305,897,B,Y,M,30-44
2306,820,D,Y,F,18-29
2307,759,B,Z,M,65+
2308,829,C,X,F,65+
2309,763,D,Z,M,45-64
2310,738,D,Z,F,30-44
2311,779,A,X,M,30-44
2312,723,B,Y,M,30-44
2313,824,A,Z,F,65+
2314,716,A,Y,F,45-64
2315,849,C,Y,M,65+
2316,743,B,Z,M,30-44
2317,789,B,Y,M,45-64
2318,752,B,Z,F,30-44
2319,844,D,Z,M,30-44
2320,768,B,Z,M,30-44
2321,743,A,X,F,18-29
2322,740,C,X,M,65+
2323,771,A,Z,M,18-29
2324,841,A,Y,F,45-64
2325,828,B,X,F,65+
2326,859,D,X,F,18-29
2327,792,C,X,F,45-64
2328,829,C,Y,F,30-44
2329,769,C,X,M,18-29
2330,780,A,X,F,30-44
2331,738,C,Y,F,18-29
2332,805,D,X,F,65+
2333,767,C,Y,F,18-29
2334,739,A,Z,M,30-44
2335,795,C,Y,F,45-64
2336,803,B,Z,F,30-44
2337,790,D,X,M,30-44
2338,758,A,X,M,30-44
2339,798,D,X,M,45-64
2340,717,C,Z,F,30-44
2341,816,B,X,M,30-44
2342,783,D,Z,F,45-64
2343,769,C,Y,M,65+
2344,850,A,Y,F,18-29
2345,897,B,Z,F,30-44
2346,834,C,X,M,30-44
2347,778,D,Y,M,30-44
2348,721,D,Z,F,65+
2349,773,D,Z,F,30-44
2350,761,B,X,M,30-44
2351,742,A,Z,F,45-64
2352,785,C,X,F,45-64
2353,829,A,X,M,18-29
2354,802,B,Y,M,30-44
2355,754,C,X,F,18-29
2356,857,B,X,M,18-29
2357,847,C,Z,F,45-64
2358,720,A,Z,F,30-44
2359,829,D,Z,F,45-64
2360,732,A,Z,M,45-64
2361,833,B,Z,F,30-44
2362,807,C,X,M,65+
2363,785,C,Z,M,65+
2364,773,B,Y,F,30-44
2365,786,D,X,F,30-44
2366,808,D,Y,M,65+
2367,841,A,Y,M,65+
2368,827,B,X,M,65+
2369,765,B,Z,F,18-29
2370,740,C,X,M,65+
2371,782,B,X,M,18-29
2372,855,D,X,F,65+
2373,814,A,Z,M,18-29
2374,787,A,Y,F,18-29
2375,827,A,X,M,30-44
2376,825,B,X,F,30-44
2377,800,A,X,M,45-64
2378,818,A,X,M,65+
2379,736,D,X,F,45-64
2380,821,D,X,M,18-29
2381,801,C,Z,M,18-29
2382,810,A,X,F,18-29
2383,854,D,X,M,30-44
2384,859,A,X,F,65+
2385,813,B,Y,F,30-44
2386,820,D,Z,M,65+
2387,791,B,X,M,18-29
2388,817,C,Y,M,45-64
2389,759,A,Y,M,18-29
2390,751,B,X,F,45-64
2391,807,B,Z,F,30-44
2392,781,C,Z,F,45-64
2393,802,A,Y,F,45-64
2394,759,C,Z,M,18-29
2395,742,B,Z,M,45-64
2396,850,B,Y,F,65+
2397,784,A,X,F,45-64
2398,857,B,X,F,30-44
2399,812,B,Y,F,45-64
2400,763,D,Y,F,65+
2401,844,C,X,M,65+
2402,850,D,Z,F,65+
2403,839,B,Y,M,65+
2404,715,B,Z,M,30-44
2405,802,C,X,M,18-29
2406,743,C,Z,F,30-44
2407,759,A,X,F,45-64
2408,812,B,Y,F,30-44
2409,745,D,X,M,30-44
2410,810,A,Z,M,18-29
2411,766,B,Y,M,65+
2412,840,C,X,M,18-29
2413,814,D,Z,M,18-29
2414,707,B,Y,M,18-29
2415,797,B,X,M,65+
2416,764,B,X,F,30-44
2417,784,C,Y,F,45-64
2418,741,D,Z,M,45-64
2419,820,A,X,M,18-29
2420,721,B,Z,M,18-29
2421,780,D,Y,F,45-64
2422,763,C,Z,M,65+
2423,864,B,Y,M,65+
2424,751,B,Z,M,65+
2425,788,A,X,F,30-44
2426,787,A,Z,F,65+
2427,785,C,Z,F,65+
2428,940,B,X,F,65+
2429,805,B,Y,M,18-29
2430,878,A,Y,F,18-29
2431,796,B,Y,M,18-29
2432,798,A,X,M,45-64
2433,788,B,Z,M,18-29
2434,790,B,Y,M,18-29
2435,805,D,X,M,45-64
2436,815,A,Y,M,45-64
2437,795,C,Y,M,45-64
2438,704,D,Z,F,30-44
2439,835,A,Y,F,18-29
2440,794,B,X,F,65+
2441,730,A,Y,M,30-44
2442,818,D,X,M,30-44
2443,748,B,Z,M,30-44
2444,803,C,Y,M,45-64
2445,783,C,Y,F,18-29
2446,812,D,X,M,18-29
2447,768,B,Z,F,18-29
2448,729,A,X,F,18-29
2449,745,D,X,F,45-64
2450,792,B,Y,M,18-29
2451,778,C,Z,F,45-64
2452,807,A,X,M,65+
2453,755,C,Y,F,65+
2454,791,B,X,F,18-29
2455,801,C,Y,F,65+
2456,801,B,Y,F,45-64
2457,799,C,X,F,65+
2458,733,C,Z,M,18-29
2459,734,B,Z,M,30-44
2460,808,A,Y,F,30-44
2461,834,D,X,M,65+
2462,751,D,Z,M,45-64
2463,851,D,Y,F,18-29
2464,800,A,X,M,65+
2465,818,D,X,F,45-64
2466,786,A,Y,F,65+
2467,746,B,Z,F,18-29
2468,759,C,Y,M,30-44
2469,748,D,X,M,45-64
2470,781,A,Z,F,18-29
2471,733,C,Y,F,30-44
2472,859,A,X,M,65+
2473,750,C,Y,M,18-29
2474,876,B,X,F,65+
2475,856,A,Y,F,65+
2476,796,B,Z,F,30-44
2477,793,A,X,F,45-64
2478,745,C,X,M,45-64
2479,841,D,Y,F,30-44
2480,849,D,Y,F,18-29
2481,850,B,X,M,45-64
2482,758,C,X,M,65+
2483,811,B,Y,F,18-29
2484,816,D,Y,M,65+
2485,779,B,Z,F,18-29
2486,803,A,X,M,65+
2487,797,B,Z,F,30-44
2488,774,C,X,M,18-29
2489,769,C,Y,M,45-64
2490,778,C,Z,M,65+
2491,828,D,Y,F,45-64
2492,760,C,Z,F,45-64
2493,759,A,X,F,65+
2494,830,C,X,M,65+
2495,787,D,Y,F,45-64
2496,830,A,X,M,18-29
2497,788,A,Z,F,18-29
2498,731,D,Z,M,65+
2499,837,A,Z,F,65+
2500,818,B,X,F,65+
2501,739,A,X,F,18-29
2502,827,C,Y,F,65+
2503,780,A,Y,M,45-64
2504,777,C,Z,F,45-64
2505,804,D,Z,M,18-29
2506,785,D,X,M,18-29
2507,851,B,Y,F,45-64
2508,825,B,Z,F,30-44
2509,794,D,X,F,18-29
2510,777,D,X,F,30-44
2511,816,D,Y,M,65+
2512,867,B,X,M,18-29
2513,770,D,Z,F,30-44
2514,766,C,X,M,18-29
2515,773,A,Y,M,30-44
2516,759,A,Z,M,65+
2517,762,A,Z,M,65+
2518,836,C,X,M,30-44
2519,781,C,X,M,65+
2520,785,C,Z,M,45-64
2521,735,A,X,M,18-29
2522,766,A,Y,M,18-29
2523,808,B,Y,F,30-44
2524,829,A,X,F,45-64
2525,854,B,Y,M,65+
2526,807,A,Y,M,65+
2527,825,A,X,F,65+
2528,839,C,Z,F,30-44
2529,755,B,Y,M,30-44
2530,751,A,X,F,45-64
2531,783,D,Z,M,30-44
2532,800,C,X,M,18-29
2533,741,A,Z,M,30-44
2534,798,C,X,M,18-29
2535,743,C,X,M,18-29
2536,791,B,Y,F,65+
2537,739,B,X,F,45-64
2538,786,D,Z,F,65+
2539,813,D,X,F,30-44
2540,737,B,Z,F,65+
2541,713,A,Z,F,30-44
2542,741,B,Z,F,65+
2543,759,D,Y,F,45-64
2544,775,A,Z,F,65+
2545,746,B,Z,F,45-64
2546,835,A,Y,M,18-29
2547,725,C,Z,F,45-64
2548,776,C,Y,M,18-29
2549,820,B,Y,F,30-44
2550,769,C,X,M,30-44
2551,818,C,Y,M,45-64
2552,726,A,X,F,18-29
2553,806,C,X,F,45-64
2554,840,B,Z,M,65+
2555,740,C,Z,M,30-44
2556,785,A,Z,F,18-29
2557,825,D,Z,F,45-64
2558,822,C,X,M,18-29
2559,786,D,Y,M,45-64
2560,818,D,X,M,65+
2561,755,B,Z,F,65+
2562,805,B,Z,M,45-64
2563,786,A,Z,M,65+
2564,798,C,X,F,18-29
2565,838,A,Y,M,18-29
2566,742,D,X,F,45-64
2567,794,C,Y,F,65+
2568,821,A,Z,F,65+
2569,836,A,Y,F,65+
2570,747,D,Z,M,45-64
2571,824,A,X,M,18-29
2572,839,A,X,M,45-64
2573,725,D,X,M,18-29
2574,772,B,Z,F,18-29
2575,788,A,Y,M,18-29
2576,801,A,Y,M,45-64
2577,741,C,Z,F,45-64
2578,800,B,X,F,18-29
2579,745,B,Y,M,65+
2580,788,D,Z,M,30-44
2581,822,D,Z,F,45-64
2582,776,C,Z,F,30-44
2583,781,A,Y,F,18-29
2584,737,C,Z,M,30-44
2585,856,A,X,F,18-29
2586,812,B,X,M,65+
2587,785,D,X,F,18-29
2588,820,C,X,F,45-64
2589,828,D,Z,M,18-29
2590,774,B,X,F,65+
2591,712,D,Z,M,65+
2592,762,B,X,F,65+
2593,822,B,Z,F,18-29
2594,847,B,Y,M,18-29
2595,825,B,X,F,30-44
2596,786,C,X,F,65+
2597,761,C,Y,M,18-29
2598,805,C,Y,M,30-44
2599,798,D,Z,F,45-64
2600,734,A,Y,F,45-64
2601,798,A,X,F,65+
2602,759,B,Y,M,65+
2603,753,B,Z,F,65+
2604,785,D,X,M,30-44
2605,777,A,X,M,18-29
2606,777,A,Z,F,30-44
2607,698,A,Z,M,45-64
2608,865,B,Z,F,65+
2609,809,D,X,M,45-64
2610,767,D,X,M,30-44
2611,764,C,Z,F,45-64
2612,824,A,X,M,65+
2613,785,C,Z,M,30-44
2614,834,C,Z,M,30-44
2615,737,B,Y,F,30-44
2616,817,A,Z,F,65+
2617,817,C,X,M,45-64
2618,858,A,X,M,45-64
2619,783,D,Z,M,65+
2620,781,B,Y,M,18-29
2621,799,A,Z,F,30-44
2622,721,B,X,M,18-29
2623,789,C,Z,F,65+
2624,758,D,Z,F,45-64
2625,888,D,Y,F,65+
2626,792,A,Y,F,45-64
2627,763,D,X,F,18-29
2628,775,B,Y,M,30-44
2629,754,C,Y,M,30-44
2630,849,D,Y,M,18-29
2631,782,B,Y,M,45-64
2632,810,D,Z,M,45-64
2633,789,C,Y,F,65+
2634,839,C,Y,M,18-29
2635,786,C,Z,M,65+
2636,774,D,Z,F,45-64
2637,828,A,X,F,30-44
2638,843,D,Z,M,45-64
2639,781,B,Y,F,45-64
2640,782,A,Y,M,65+
2641,780,A,X,F,18-29
2642,785,A,Y,F,18-29
2643,794,D,Y,M,18-29
2644,744,C,X,F,45-64
2645,848,B,X,F,30-44
2646,740,B,Y,M,45-64
2647,852,B,X,F,45-64
2648,759,B,Z,F,65+
2649,797,D,X,F,45-64
2650,721,C,X,F,45-64
2651,771,B,Z,M,45-64
2652,779,B,Y,M,45-64
2653,813,C,X,F,65+
2654,829,B,Y,F,18-29
2655,823,B,Z,F,45-64
2656,780,C,Y,F,65+
2657,801,D,Y,F,65+
2658,744,A,Z,M,65+
2659,736,A,X,F,30-44
2660,770,C,X,F,18-29
2661,816,D,X,F,18-29
2662,814,D,Z,F,18-29
2663,803,A,X,F,18-29
2664,792,C,Z,M,45-64
2665,871,D,Z,F,18-29
2666,756,A,Z,M,30-44
2667,787,B,Z,F,30-44
2668,765,B,Z,M,45-64
2669,733,C,Z,M,65+
2670,749,B,X,M,18-29
2671,746,B,Z,M,18-29
2672,754,B,X,M,65+
2673,835,A,Z,F,65+
2674,764,A,X,F,65+
2675,810,D,X,M,45-64
2676,748,D,Z,M,65+
2677,815,B,Z,M,30-44
2678,779,B,Z,M,30-44
2679,750,B,Y,F,45-64
2680,803,C,Z,M,65+
2681,774,C,Z,F,65+
2682,742,D,Z,M,65+
2683,720,D,Y,M,18-29
2684,796,C,Y,M,65+
2685,789,A,Z,F,18-29
2686,853,D,X,F,30-44
2687,865,D,Z,F,45-64
2688,749,A,X,F,30-44
2689,738,C,Z,F,18-29
2690,772,B,Z,M,45-64
2691,794,C,Y,M,45-64
2692,804,C,Y,M,65+
2693,766,D,Y,M,45-64
2694,775,B,Z,F,45-64
2695,789,D,X,M,18-29
2696,829,B,X,M,18-29
2697,769,D,Z,F,45-64
2698,841,B,Z,M,18-29
2699,712,B,Z,F,65+
2700,767,A,X,F,18-29
2701,779,A,Z,M,65+
2702,873,C,Z,M,30-44
2703,754,C,X,F,65+
2704,708,B,Z,M,30-44
2705,758,C,Y,F,45-64
2706,764,B,X,M,65+
2707,801,B,X,M,18-29
2708,806,B,X,M,18-29
2709,763,C,Y,M,45-64
2710,748,B,Z,F,30-44
2711,769,B,Z,F,45-64
2712,724,C,Z,M,18-29
2713,792,D,Y,F,18-29
2714,786,A,X,F,18-29
2715,774,A,Y,M,18-29
2716,746,C,X,M,45-64
2717,756,C,Y,F,18-29
2718,900,B,Y,M,30-44
2719,835,C,Y,M,18-29
2720,892,D,Y,M,18-29
2721,705,C,Y,F,30-44
2722,733,C,X,M,30-44
2723,781,C,Z,M,30-44
2724,771,D,X,M,45-64
2725,805,A,Y,M,65+
2726,811,B,Y,M,18-29
2727,818,A,Y,M,45-64
2728,828,D,Y,F,30-44
2729,779,A,X,M,30-44
2730,748,D,Z,M,65+
2731,810,A,Y,F,30-44
2732,747,D,Z,F,30-44
2733,760,A,Y,M,45-64
2734,770,C,X,F,65+
2735,845,A,X,M,18-29
2736,869,A,X,F,18-29
2737,752,A,Z,M,18-29
2738,763,A,X,M,65+
2739,870,B,Y,M,45-64
2740,762,C,Z,M,45-64
2741,841,B,Z,F,65+
2742,820,A,Z,M,18-29
2743,726,C,Z,M,65+
2744,808,C,X,F,45-64
2745,825,C,Z,F,30-44
2746,756,C,Y,M,18-29
2747,797,C,Y,F,45-64
2748,757,A,X,M,30-44
2749,810,C,Z,M,18-29
2750,790,C,Z,M,18-29
2751,688,B,Z,F,65+
2752,740,A,X,F,18-29
2753,766,C,Y,F,45-64
2754,723,A,X,F,65+
2755,825,D,X,F,65+
2756,770,D,X,M,30-44
2757,839,D,X,F,18-29
2758,703,C,X,F,18-29
2759,798,C,Y,M,18-29
2760,843,C,Z,F,65+
2761,833,A,X,F,45-64
2762,780,D,Y,F,30-44
2763,743,D,Y,M,30-44
2764,748,A,Y,F,18-29
2765,804,B,Z,F,45-64
2766,781,D,X,F,45-64
2767,758,C,Z,F,18-29
2768,816,A,Y,F,45-64
2769,775,B,Y,F,18-29
2770,784,D,X,F,18-29
2771,753,C,Y,M,65+
2772,844,A,Z,M,45-64
2773,828,C,X,F,30-44
2774,745,C,Y,F,65+
2775,809,B,X,M,30-44
2776,741,A,X,M,18-29
2777,758,B,Z,F,45-64
2778,803,A,Z,M,18-29
2779,797,C,Y,M,45-64
2780,823,A,Z,M,45-64
2781,790,A,X,F,18-29
2782,809,A,X,M,45-64
2783,754,C,Z,F,18-29
2784,735,D,Y,M,18-29
2785,770,C,Z,F,45-64
2786,765,D,Z,F,65+
2787,757,C,Z,M,30-44
2788,737,C,X,F,30-44
2789,766,A,X,M,45-64
2790,779,C,X,F,18-29
2791,800,B,Y,M,18-29
2792,781,B,Z,F,18-29
2793,851,A,Z,F,65+
2794,773,C,Y,M,45-64
2795,764,B,Y,M,45-64
2796,814,B,Y,F,18-29
2797,867,B,Y,F,45-64
2798,722,A,Y,M,45-64
2799,792,D,Z,M,65+
2800,755,D,X,M,30-44
2801,802,D,Z,M,45-64
2802,832,C,Y,F,18-29
2803,825,A,Y,F,30-44
2804,779,D,Z,M,30-44
2805,793,D,X,M,18-29
2806,752,D,Y,F,18-29
2807,827,B,X,F,18-29
2808,746,B,X,M,65+
2809,778,D,Y,M,65+
2810,828,B,Z,F,18-29
2811,809,C,Y,M,18-29
2812,851,A,Z,F,65+
2813,755,D,Z,F,65+
2814,779,C,Y,M,30-44
2815,762,A,X,M,45-64
2816,777,D,Y,F,65+
2817,723,B,Z,F,18-29
2818,797,B,Y,F,45-64
2819,718,A,Z,F,45-64
2820,766,C,Y,F,30-44
2821,853,B,X,M,65+
2822,805,C,Z,F,18-29
2823,881,C,Y,M,18-29
2824,844,C,Y,F,65+
2825,770,B,X,F,45-64
2826,792,A,X,F,30-44
2827,753,A,X,M,18-29
2828,783,A,Z,M,18-29
2829,800,D,X,F,30-44
2830,736,C,Z,F,65+
2831,778,B,Y,F,18-29
2832,756,A,Y,F,65+
2833,836,C,X,M,45-64
2834,800,A,Y,M,30-44
2835,836,A,Y,M,45-64
2836,755,C,Y,M,45-64
2837,762,A,Y,M,45-64
2838,830,B,Z,M,18-29
2839,808,B,X,F,30-44
2840,832,B,Y,F,30-44
2841,715,D,X,F,45-64
2842,817,B,X,M,30-44
2843,791,A,Y,M,65+
2844,789,B,Z,M,18-29
2845,775,D,Z,F,65+
2846,779,B,Z,F,65+
2847,827,B,Y,M,45-64
2848,827,D,Y,F,45-64
2849,735,D,Y,M,30-44
2850,742,A,Y,F,65+
2851,738,C,X,F,18-29
2852,821,B,Y,F,18-29
2853,854,C,Z,F,30-44
2854,768,D,Y,F,30-44
2855,708,A,Y,F,30-44
2856,768,D,X,F,45-64
2857,769,C,Y,F,65+
2858,837,D,Y,F,18-29
2859,812,C,Y,M,45-64
2860,783,A,Y,F,65+
2861,749,B,Z,M,30-44
2862,811,A,Z,F,30-44
2863,805,A,Z,M,65+
2864,749,A,Z,F,45-64
2865,863,A,Z,M,30-44
2866,833,C,Z,M,30-44
2867,784,D,Z,M,45-64
2868,749,B,Y,F,65+
2869,838,B,Z,M,18-29
2870,777,A,X,M,65+
2871,738,D,X,M,45-64
2872,840,C,X,M,30-44
2873,754,A,Y,M,65+
2874,772,D,X,F,18-29
2875,797,A,X,F,18-29
2876,765,A,Z,M,18-29
2877,823,D,X,F,45-64
2878,805,D,Z,M,45-64
2879,846,C,Y,M,18-29
2880,807,C,Z,F,65+
2881,758,C,Y,M,30-44
2882,767,D,Z,F,65+
2883,793,C,Z,M,65+
2884,818,A,Y,F,45-64
2885,754,A,Y,M,18-29
2886,801,D,X,F,45-64
2887,771,D,Z,M,45-64
2888,711,C,X,M,18-29
2889,733,B,X,F,30-44
2890,845,A,X,F,65+
2891,780,B,X,F,45-64
2892,781,D,Y,F,30-44
2893,802,A,Y,F,18-29
2894,794,C,Z,M,65+
2895,759,D,Y,M,45-64
2896,737,D,Z,F,18-29
2897,766,A,Y,M,65+
2898,878,B,X,M,18-29
2899,805,B,X,F,18-29
2900,762,A,Y,F,30-44
2901,779,D,X,F,65+
2902,820,A,Y,M,65+
2903,751,C,Z,F,45-64
2904,692,C,Z,M,30-44
2905,735,C,Z,M,45-64
2906,753,C,Y,F,30-44
2907,794,C,Z,M,30-44
2908,809,D,X,F,65+
2909,787,B,X,F,18-29
2910,730,A,Y,M,30-44
2911,855,A,Z,F,45-64
2912,831,A,X,F,30-44
2913,819,A,Y,M,45-64
2914,835,A,X,F,45-64
2915,803,D,Z,F,45-64
2916,834,D,Y,M,18-29
2917,830,B,X,M,45-64
2918,810,B,Y,M,30-44
2919,818,D,Y,F,65+
2920,787,B,X,M,30-44
2921,761,B,X,M,30-44
2922,890,B,Y,M,45-64
2923,869,A,X,M,65+
2924,852,D,Z,F,45-64
2925,719,C,Z,M,30-44
2926,873,D,Y,F,65+
2927,816,C,Y,F,18-29
2928,769,B,X,F,30-44
2929,723,D,Z,F,65+
2930,807,C,Z,M,65+
2931,771,C,X,M,45-64
2932,844,D,Z,F,65+
2933,788,B,Z,M,65+
2934,748,C,X,M,30-44
2935,736,D,Y,M,18-29
2936,752,C,Y,M,45-64
2937,731,C,Z,M,45-64
2938,723,A,Z,F,65+
2939,888,D,X,F,45-64
2940,869,A,Z,M,65+
2941,794,D,Y,M,65+
2942,815,A,X,F,18-29
2943,762,B,Z,M,30-44
2944,814,A,Y,M,18-29
2945,742,D,Z,M,45-64
2946,781,A,Z,F,30-44
2947,704,A,Y,F,30-44
2948,759,C,Z,M,65+
2949,840,D,Z,M,18-29
2950,798,B,Z,M,45-64
2951,772,A,X,F,18-29
2952,773,C,Z,M,65+
2953,822,B,Z,M,45-64
2954,848,C,Z,F,18-29
2955,797,C,Y,M,65+
2956,786,A,X,M,30-44
2957,784,A,X,F,18-29
2958,773,B,X,M,45-64
2959,799,D,X,M,45-64
2960,797,B,Z,M,45-64
2961,785,A,Y,F,30-44
2962,867,C,X,F,65+
2963,839,B,X,F,30-44
2964,813,B,Y,F,65+
2965,826,C,X,F,45-64
2966,795,C,Y,F,30-44
2967,783,A,Z,F,30-44
2968,842,B,Z,F,45-64
2969,776,C,X,F,45-64
2970,797,A,Z,M,45-64
2971,784,B,Y,F,18-29
2972,773,A,Z,M,65+
2973,790,B,Y,F,45-64
2974,802,D,Z,M,45-64
2975,787,A,Z,F,18-29
2976,755,B,Y,F,45-64
2977,753,C,Z,M,30-44
2978,785,C,Y,M,65+
2979,815,B,X,F,65+
2980,831,D,Z,F,65+
2981,796,B,Y,F,45-64
2982,805,D,Z,F,45-64
2983,840,A,X,M,65+
2984,865,D,Y,F,18-29
2985,782,B,Z,M,45-64
2986,778,B,Z,M,30-44
2987,807,C,X,M,45-64
2988,838,B,Y,F,65+
2989,747,B,Y,M,30-44
2990,807,B,X,F,45-64
2991,749,A,X,M,30-44
2992,789,D,X,M,30-44
2993,763,C,X,F,30-44
2994,763,C,X,F,65+
2995,806,B,Y,F,65+
2996,822,B,X,F,30-44
2997,797,C,X,F,45-64
2998,775,C,Z,F,65+
2999,862,A,Y,F,18-29
3000,841,B,Z,M,30-44
3001,860,C,Y,F,18-29
3002,771,D,X,M,30-44
3003,842,D,X,M,30-44
3004,811,C,Y,M,45-64
3005,803,D,Z,M,65+
3006,792,B,Y,F,65+
3007,792,D,X,F,65+
3008,834,B,X,F,18-29
3009,789,D,X,F,18-29
3010,810,D,X,M,45-64
3011,747,B,Z,F,65+
3012,739,A,Y,F,65+
3013,790,A,Y,F,45-64
3014,759,A,Z,F,45-64
3015,772,D,Z,F,45-64
3016,743,A,X,F,65+
3017,808,A,X,M,45-64
3018,791,C,X,F,65+
3019,735,A,Y,F,18-29
3020,704,A,Y,F,45-64
3021,777,A,Z,F,45-64
3022,782,D,Y,F,18-29
3023,823,C,X,F,45-64
3024,846,D,X,F,45-64
3025,737,C,Z,M,18-29
3026,739,C,Z,M,65+
3027,776,B,X,M,18-29
3028,849,B,Z,M,65+
3029,809,D,Y,F,65+
3030,857,B,Z,F,18-29
3031,790,A,Y,F,18-29
3032,770,B,Z,M,65+
3033,850,A,Y,F,65+
3034,834,D,X,M,45-64
3035,733,A,Y,M,30-44
3036,835,C,Y,M,18-29
3037,851,C,Z,F,30-44
3038,737,D,Y,M,45-64
3039,790,A,Z,F,30-44
3040,758,C,Y,M,65+
3041,757,B,X,F,30-44
3042,805,C,Y,F,45-64
3043,803,A,X,M,18-29
3044,829,C,X,M,45-64
3045,771,D,Z,F,45-64
3046,783,D,Y,M,45-64
3047,732,C,Y,F,65+
3048,826,B,Y,F,30-44
3049,761,B,Z,F,45-64
3050,774,D,X,M,65+
3051,839,C,X,M,45-64
3052,840,C,Y,F,65+
3053,817,D,X,M,30-44
3054,864,C,Z,F,65+
3055,793,A,Y,F,30-44
3056,773,D,Z,M,65+
3057,794,A,X,F,30-44
3058,831,B,X,F,30-44
3059,808,B,Z,F,65+
3060,753,C,X,F,45-64
3061,809,C,Y,M,45-64
3062,788,D,X,F,65+
3063,816,D,Y,F,30-44
3064,750,B,Y,F,18-29
3065,771,C,Y,M,18-29
3066,843,D,Z,F,65+
3067,777,D,X,M,30-44
3068,840,B,Z,M,65+
3069,799,A,Y,M,30-44
3070,753,D,Z,M,45-64
3071,771,A,Z,F,30-44
3072,726,B,Y,F,30-44
3073,824,B,Y,M,45-64
3074,799,B,Y,M,18-29
3075,812,B,Z,F,65+
3076,732,B,Z,F,30-44
3077,685,B,Y,M,45-64
3078,802,B,X,F,18-29
3079,710,A,Z,M,65+
3080,828,D,Y,M,65+
3081,819,C,Z,M,18-29
3082,762,D,Y,M,45-64
3083,757,D,Z,M,45-64
3084,756,D,Z,F,65+
3085,782,A,X,M,45-64
3086,760,A,Z,M,45-64
3087,854,D,Z,F,30-44
3088,761,B,Y,M,45-64
3089,807,A,Y,M,65+
3090,764,D,X,F,45-64
3091,759,C,Z,F,45-64
3092,843,D,Z,F,45-64
3093,824,A,X,M,45-64
3094,795,A,X,F,45-64
3095,798,C,Y,M,45-64
3096,793,D,Z,F,45-64
3097,840,B,Z,M,30-44
3098,850,C,Y,F,30-44
3099,749,A,X,F,30-44
3100,842,A,Y,F,65+
3101,784,D,Z,M,45-64
3102,782,B,Z,F,45-64
3103,844,D,Y,M,65+
3104,821,B,Y,F,18-29
3105,783,A,Y,M,45-64
3106,748,B,X,M,45-64
3107,730,A,Z,M,45-64
3108,738,D,Y,M,30-44
3109,841,B,Y,M,65+
3110,818,A,Y,M,45-64
3111,807,A,X,F,30-44
3112,768,B,Y,M,30-44
3113,795,B,Z,F,30-44
3114,804,A,Z,F,45-64
3115,760,A,Z,M,18-29
3116,758,B,Z,F,18-29
3117,856,B,X,M,65+
3118,760,D,X,M,45-64
3119,828,A,X,F,18-29
3120,731,D,X,F,30-44
3121,840,A,Z,M,65+
3122,780,C,Z,M,65+
3123,739,A,Z,F,30-44
3124,746,D,X,F,65+
3125,768,C,Y,M,45-64
3126,734,D,Z,F,45-64
3127,757,C,Z,M,45-64
3128,789,C,Z,F,65+
3129,843,A,X,F,18-29
3130,738,C,Z,F,65+
3131,791,B,X,M,65+
3132,794,C,X,F,45-64
3133,809,B,X,M,30-44
3134,792,B,Y,F,45-64
3135,802,D,X,F,30-44
3136,767,B,Y,M,30-44
3137,796,D,X,M,30-44
3138,870,C,Z,F,65+
3139,809,C,X,F,65+
3140,795,C,Y,M,45-64
3141,745,C,Z,F,45-64
3142,857,D,Y,F,65+
3143,725,D,X,F,18-29
3144,840,D,Y,M,65+
3145,792,C,X,M,30-44
3146,749,C,Y,F,18-29
3147,801,C,Y,F,45-64
3148,742,B,X,F,45-64
3149,836,A,X,M,30-44
3150,724,C,Z,F,65+
3151,803,A,Z,F,65+
3152,874,B,Y,F,18-29
3153,786,A,X,F,45-64
3154,770,C,Y,F,18-29
3155,740,D,X,M,45-64
3156,858,D,X,M,45-64
3157,861,B,Z,M,65+
3158,747,B,Y,F,45-64
3159,786,A,X,M,45-64
3160,820,C,Y,M,30-44
3161,734,C,Y,M,65+
3162,775,C,Y,M,45-64
3163,776,C,Z,M,30-44
3164,766,A,Z,F,65+
3165,768,D,Y,M,18-29
3166,758,C,X,F,18-29
3167,858,C,Z,F,45-64
3168,783,C,Z,M,18-29
3169,782,A,Z,M,30-44
3170,769,A,Z,F,30-44
3171,759,A,Z,F,45-64
3172,796,D,Y,M,45-64
3173,807,A,X,F,65+
3174,829,D,X,F,45-64
3175,766,A,Z,F,18-29
3176,835,A,X,F,65+
3177,803,B,Y,M,45-64
3178,805,D,Z,M,45-64
3179,773,B,X,M,30-44
3180,866,C,X,M,18-29
3181,750,A,X,F,18-29
3182,736,C,Y,M,30-44
3183,734,B,Y,M,65+
3184,804,C,X,M,45-64
3185,722,A,X,F,18-29
3186,824,D,X,F,30-44
3187,810,D,X,F,65+
3188,828,D,X,M,65+
3189,792,A,X,M,18-29
3190,788,B,X,M,65+
3191,759,C,Z,F,65+
3192,793,B,X,M,45-64
3193,771,D,Y,M,65+
3194,779,A,X,F,65+
3195,801,D,X,F,45-64
3196,786,C,X,F,45-64
3197,745,B,Z,M,65+
3198,817,D,X,F,45-64
3199,821,A,X,M,30-44
3200,731,A,X,M,30-44
3201,764,D,X,M,30-44
3202,815,C,Y,F,30-44
3203,751,D,X,M,30-44
3204,843,B,Y,M,30-44
3205,791,A,Y,M,45-64
3206,851,D,Z,F,45-64
3207,761,C,X,M,45-64
3208,753,A,Y,M,30-44
3209,838,D,X,F,30-44
3210,757,B,X,M,45-64
3211,800,B,X,F,18-29
3212,808,A,Y,F,65+
3213,762,D,X,M,45-64
3214,778,D,Y,F,30-44
3215,798,C,Z,F,18-29
3216,778,D,Y,M,30-44
3217,792,B,Z,M,30-44
3218,740,B,Z,M,18-29
3219,735,D,Y,M,30-44
3220,757,B,Y,M,45-64
3221,904,C,Z,F,45-64
3222,881,B,Y,F,45-64
3223,793,B,Z,M,65+
3224,808,A,X,M,18-29
3225,760,B,Z,M,30-44
3226,760,B,Y,F,18-29
3227,810,D,Y,F,30-44
3228,801,D,Y,M,65+
3229,854,C,Z,F,18-29
3230,843,C,Z,F,45-64
3231,820,B,Y,F,65+
3232,809,D,Z,M,45-64
3233,839,C,X,F,65+
3234,716,A,Z,M,18-29
3235,844,B,Y,M,18-29
3236,708,C,X,F,45-64
3237,787,D,Y,M,30-44
3238,765,D,Z,M,30-44
3239,727,B,X,M,45-64
3240,700,B,Z,M,45-64
3241,811,B,Z,M,45-64
3242,817,B,X,M,30-44
3243,780,B,Z,F,30-44
3244,724,C,X,F,45-64
3245,804,D,Z,F,65+
3246,750,D,Y,M,45-64
3247,816,A,X,F,45-64
3248,819,B,Z,M,18-29
3249,829,D,X,M,65+
3250,767,B,X,F,30-44
3251,792,D,Y,M,30-44
3252,818,C,X,M,45-64
3253,777,B,Y,M,30-44
3254,823,B,Y,M,45-64
3255,814,C,X,M,45-64
3256,814,A,Z,F,30-44
3257,797,D,Y,M,65+
3258,842,B,X,F,45-64
3259,772,A,Y,F,18-29
3260,759,D,Y,M,65+
3261,755,C,X,M,18-29
3262,720,C,X,F,65+
3263,811,D,X,M,45-64
3264,830,C,Y,F,65+
3265,848,C,Y,M,18-29
3266,769,A,Z,F,30-44
3267,800,D,X,F,45-64
3268,775,A,Z,F,65+
3269,762,D,X,M,18-29
3270,786,A,X,M,45-64
3271,818,D,Y,M,45-64
3272,828,D,Y,M,65+
3273,724,D,Z,M,30-44
3274,817,B,X,F,18-29
3275,793,C,Y,M,65+
3276,852,C,Y,F,45-64
3277,807,B,Y,F,18-29
3278,764,C,Y,F,30-44
3279,745,B,Z,F,65+
3280,810,C,X,F,18-29
3281,801,C,Y,M,45-64
3282,844,C,X,M,65+
3283,767,C,Z,F,30-44
3284,800,D,X,F,65+
3285,807,C,Y,F,45-64
3286,778,B,X,F,18-29
3287,766,A,X,F,45-64
3288,735,B,Y,M,30-44
3289,828,A,X,F,45-64
3290,743,B,Z,F,45-64
3291,883,D,X,F,18-29
3292,727,C,Z,M,45-64
3293,762,B,Y,M,30-44
3294,759,B,Z,F,18-29
3295,797,D,X,M,30-44
3296,817,B,Y,M,30-44
3297,830,A,Y,M,18-29
3298,779,D,Y,F,30-44
3299,745,D,X,F,65+
3300,760,C,Z,F,45-64
3301,802,D,Y,F,30-44
3302,790,C,Z,F,18-29
3303,755,B,Y,M,30-44
3304,858,A,Z,F,45-64
3305,785,A,Z,M,45-64
3306,795,B,Y,F,18-29
3307,843,D,Z,F,65+
3308,726,D,X,M,18-29
3309,829,D,Z,M,45-64
3310,785,D,Z,M,18-29
3311,825,C,X,F,45-64
3312,822,A,Z,F,65+
3313,832,B,Y,M,65+
3314,731,C,Z,F,45-64
3315,760,B,Z,F,30-44
3316,776,C,X,M,45-64
3317,818,A,X,M,65+
3318,788,B,Z,M,30-44
3319,769,B,X,M,65+
3320,897,A,Y,M,18-29
3321,796,D,Z,F,65+
3322,779,D,Z,F,30-44
3323,818,C,X,M,45-64
3324,845,C,X,F,45-64
3325,790,D,X,M,45-64
3326,729,D,X,M,45-64
3327,733,A,Y,F,18-29
3328,766,C,X,M,18-29
3329,774,C,X,M,18-29
3330,810,A,X,F,65+
3331,803,C,X,F,18-29
3332,835,B,X,F,30-44
3333,802,B,Y,M,30-44
3334,758,C,Z,M,65+
3335,883,B,Z,M,65+
3336,742,A,Z,M,18-29
3337,755,C,Y,M,45-64
3338,810,B,Z,M,18-29
3339,854,D,X,M,45-64
3340,817,D,Z,F,65+
3341,770,A,Z,M,45-64
3342,766,B,Y,M,30-44
3343,820,D,X,F,18-29
3344,804,C,X,F,18-29
3345,854,A,Z,F,65+
3346,859,B,Y,F,30-44
3347,850,D,X,F,65+
3348,773,D,Y,F,18-29
3349,762,D,X,F,18-29
3350,828,C,Z,F,65+
3351,826,C,Y,F,18-29
3352,777,A,X,M,45-64
3353,673,B,Z,F,18-29
3354,848,A,X,F,65+
3355,746,B,Y,M,65+
3356,741,B,Z,F,18-29
3357,810,B,X,F,30-44
3358,762,B,Z,F,18-29
3359,855,B,Y,M,18-29
3360,800,A,Y,M,18-29
3361,756,C,X,M,45-64
3362,814,B,Y,M,45-64
3363,822,D,X,M,30-44
3364,750,B,Z,F,65+
3365,828,C,X,F,65+
3366,781,A,Y,F,65+
3367,865,C,X,F,45-64
3368,774,A,Z,F,18-29
3369,763,D,X,M,18-29
3370,815,A,X,M,65+
3371,815,A,X,F,30-44
3372,836,C,Z,F,45-64
3373,788,C,Y,F,18-29
3374,771,A,Y,M,18-29
3375,751,D,X,M,18-29
3376,757,D,Y,M,18-29
3377,766,B,X,F,30-44
3378,798,A,Z,M,30-44
3379,824,D,Z,F,65+
3380,762,B,Y,M,30-44
3381,829,B,Z,F,18-29
3382,816,A,X,F,45-64
3383,809,B,Y,F,30-44
3384,813,A,Y,F,30-44
3385,816,C,Z,M,30-44
3386,824,B,Z,M,45-64
3387,808,D,X,F,18-29
3388,857,B,Z,F,30-44
3389,718,B,Z,F,18-29
3390,763,A,Z,M,65+
3391,813,A,Z,M,45-64
3392,803,C,X,M,18-29
3393,813,B,X,F,18-29
3394,846,A,Y,M,30-44
3395,768,A,Z,M,18-29
3396,709,D,Z,F,45-64
3397,844,D,Y,M,65+
3398,793,C,Y,F,65+
3399,833,B,Y,F,30-44
3400,800,B,Y,M,65+
3401,762,C,X,F,18-29
3402,741,D,Y,M,18-29
3403,799,D,Y,M,65+
3404,690,B,Z,F,30-44
3405,784,D,Y,F,65+
3406,761,D,Y,F,65+
3407,710,C,Y,F,65+
3408,798,B,Z,M,30-44
3409,770,B,Z,M,30-44
3410,852,C,Y,F,45-64
3411,748,C,X,F,30-44
3412,766,D,X,F,45-64
3413,756,D,X,M,30-44
3414,816,C,Z,M,65+
3415,730,D,X,F,18-29
3416,795,B,Y,M,45-64
3417,772,B,Z,F,30-44
3418,779,B,Y,F,65+
3419,786,B,Z,M,65+
3420,777,C,Z,M,18-29
3421,829,A,X,M,18-29
3422,792,A,Y,M,45-64
3423,738,C,X,M,30-44
3424,826,C,X,F,45-64
3425,841,D,Y,F,30-44
3426,825,C,Y,M,30-44
3427,859,B,X,F,18-29
3428,812,D,X,F,45-64
3429,801,B,X,M,65+
3430,842,A,X,M,65+
3431,739,D,Y,F,30-44
3432,781,A,Z,F,65+
3433,816,B,Y,M,65+
3434,744,C,Y,M,45-64
3435,799,A,X,M,45-64
3436,766,D,X,M,30-44
3437,747,C,Y,M,45-64
3438,801,D,X,F,30-44
3439,748,C,Y,M,45-64
3440,775,A,Y,F,30-44
3441,784,A,Z,M,45-64
3442,806,C,Y,F,45-64
3443,803,A,Y,F,18-29
3444,814,C,Z,M,30-44
3445,766,A,Z,M,45-64
3446,744,D,X,F,65+
3447,728,D,X,F,65+
3448,762,C,Y,F,65+
3449,753,C,X,F,45-64
3450,755,B,Y,F,45-64
3451,813,A,Y,M,45-64
3452,865,A,X,M,18-29
3453,869,B,X,M,45-64
3454,774,A,X,M,18-29
3455,731,A,X,M,45-64
3456,745,A,X,F,45-64
3457,722,A,Z,M,18-29
3458,771,B,X,M,30-44
3459,810,A,Z,M,18-29
3460,886,D,Z,M,30-44
3461,784,A,Z,M,65+
3462,797,C,Z,M,65+
3463,749,B,Z,F,30-44
3464,775,D,Y,M,65+
3465,805,B,Z,M,18-29
3466,853,B,X,F,30-44
3467,810,B,Z,M,18-29
3468,721,B,X,F,30-44
3469,881,B,Y,F,65+
3470,822,C,X,F,45-64
3471,795,C,Z,M,18-29
3472,820,C,Y,M,18-29
3473,818,A,X,F,45-64
3474,730,A,Z,F,18-29
3475,749,D,X,M,45-64
3476,779,C,Z,M,45-64
3477,725,C,Y,F,65+
3478,830,C,Y,F,65+
3479,792,C,Z,M,30-44
3480,822,B,X,F,65+
3481,833,D,Y,F,65+
3482,831,D,Y,F,30-44
3483,833,B,Z,F,65+
3484,748,A,X,F,65+
3485,772,B,Y,F,18-29
3486,725,D,Z,M,30-44
3487,793,B,X,M,18-29
3488,785,D,Y,M,45-64
3489,796,C,X,M,65+
3490,814,D,X,F,45-64
3491,878,B,X,F,65+
3492,769,D,Y,M,65+
3493,781,A,Y,M,18-29
3494,839,C,Z,F,45-64
3495,671,B,X,F,30-44
3496,833,D,Y,M,45-64
3497,735,B,Y,F,65+
3498,765,A,Z,M,45-64
3499,769,C,Z,F,30-44
3500,762,C,Z,F,18-29
3501,767,A,Y,F,65+
3502,746,B,X,F,30-44
3503,747,C,Z,F,45-64
3504,698,C,Z,F,30-44
3505,819,B,Y,M,30-44
3506,767,B,Y,F,18-29
3507,765,C,Z,M,65+
3508,764,B,Z,F,18-29
3509,817,D,Y,F,18-29
3510,715,D,Y,M,45-64
3511,799,B,Y,M,65+
3512,766,B,X,M,45-64
3513,751,C,Z,F,30-44
3514,789,C,Y,F,45-64
3515,768,B,Z,M,18-29
3516,768,C,Z,M,30-44
3517,749,C,X,F,65+
3518,822,A,Y,F,30-44
3519,784,B,Y,M,18-29
3520,810,D,X,F,65+
3521,825,B,Y,F,30-44
3522,794,D,Y,M,45-64
3523,773,D,Y,M,65+
3524,825,C,X,M,45-64
3525,791,A,X,M,45-64
3526,736,D,Y,M,45-64
3527,750,D,Z,M,65+
3528,777,C,Y,M,45-64
3529,772,A,Z,F,45-64
3530,736,A,Z,M,30-44
3531,771,D,X,M,30-44
3532,773,B,X,M,30-44
3533,803,A,Y,F,45-64
3534,837,A,Y,F,18-29
3535,802,D,Y,M,65+
3536,781,D,Z,M,18-29
3537,865,B,Y,M,18-29
3538,763,C,X,M,18-29
3539,793,A,X,M,65+
3540,786,A,X,M,30-44
3541,778,B,X,F,45-64
3542,731,D,Z,F,18-29
3543,831,C,Y,M,65+
3544,799,A,X,M,18-29
3545,747,B,X,F,18-29
3546,770,C,Z,M,45-64
3547,855,B,Y,M,30-44
3548,843,A,Z,F,45-64
3549,763,C,Z,F,30-44
3550,789,B,Z,F,45-64
3551,802,B,Y,F,65+
3552,771,A,Z,F,65+
3553,803,A,Y,F,30-44
3554,775,B,X,M,65+
3555,856,A,Z,M,30-44
3556,759,C,Z,M,45-64
3557,819,C,Y,M,30-44
3558,764,C,X,M,45-64
3559,845,A,X,M,45-64
3560,810,B,Y,F,45-64
3561,809,D,Y,M,65+
3562,763,D,Z,F,30-44
3563,815,A,Z,M,18-29
3564,763,A,Z,M,18-29
3565,733,C,X,F,65+
3566,830,D,Z,M,18-29
3567,795,A,Y,M,30-44
3568,824,D,Z,F,18-29
3569,790,C,Y,M,45-64
3570,818,A,X,F,30-44
3571,832,C,Y,M,18-29
3572,820,A,Y,M,18-29
3573,716,A,X,M,65+
3574,729,C,Y,M,65+
3575,737,A,Z,M,30-44
3576,823,A,Y,F,18-29
3577,793,A,Y,F,65+
3578,745,D,X,M,18-29
3579,823,A,Y,F,65+
3580,783,B,Y,M,45-64
3581,871,B,X,F,18-29
3582,762,A,Z,F,65+
3583,769,B,Z,M,45-64
3584,798,C,X,F,65+
3585,783,D,Z,M,45-64
3586,815,C,Z,M,45-64
3587,780,C,Y,M,65+
3588,776,C,Y,F,45-64
3589,805,B,Z,F,65+
3590,853,C,Y,M,45-64
3591,824,B,Y,F,65+
3592,800,D,Z,M,18-29
3593,833,C,Z,M,45-64
3594,775,B,Z,M,30-44
3595,808,D,X,F,18-29
3596,831,A,Z,M,18-29
3597,764,C,Z,M,30-44
3598,782,C,Y,M,45-64
3599,769,C,Z,F,65+
3600,784,B,Z,F,65+
3601,783,A,X,F,30-44
3602,813,B,Z,M,18-29
3603,798,D,X,M,45-64
3604,754,B,Y,F,30-44
3605,805,A,X,M,18-29
3606,815,A,Y,M,30-44
3607,774,B,Z,M,18-29
3608,737,C,Y,M,65+
3609,773,C,Z,F,18-29
3610,805,C,Y,F,45-64
3611,846,B,Y,F,65+
3612,817,A,Z,F,18-29
3613,804,D,Y,F,18-29
3614,855,C,Z,F,65+
3615,867,A,Y,F,65+
3616,782,A,Y,M,65+
3617,774,A,Y,F,18-29
3618,766,A,X,M,65+
3619,810,D,Z,F,30-44
3620,793,D,X,F,45-64
3621,774,D,X,F,18-29
3622,764,A,Z,M,18-29
3623,904,D,X,M,65+
3624,813,C,Z,F,18-29
3625,766,C,Z,M,65+
3626,794,B,Y,F,30-44
3627,820,A,Y,F,65+
3628,815,A,Z,M,18-29
3629,724,B,Y,F,30-44
3630,855,A,Y,M,65+
3631,768,A,Y,M,30-44
3632,733,C,Z,F,30-44
3633,772,D,Z,M,18-29
3634,792,B,X,M,18-29
3635,727,D,Y,F,65+
3636,720,A,Z,F,18-29
3637,829,D,Y,M,45-64
3638,811,D,Z,F,18-29
3639,778,A,X,F,45-64
3640,769,D,Y,M,30-44
3641,684,A,X,M,18-29
3642,762,B,Z,M,65+
3643,832,C,Z,F,65+
3644,854,A,Z,M,65+
3645,851,A,Z,M,30-44
3646,767,B,X,F,30-44
3647,827,D,X,F,18-29
3648,736,A,X,F,18-29
3649,873,C,X,F,30-44
3650,762,D,X,M,65+
3651,792,D,Y,M,18-29
3652,777,B,Y,M,30-44
3653,823,B,Z,M,18-29
3654,814,D,Z,M,30-44
3655,754,B,Z,F,45-64
3656,796,B,Y,F,18-29
3657,806,D,X,F,65+
3658,751,A,X,F,65+
3659,798,D,Z,M,30-44
3660,745,D,Z,F,30-44
3661,798,B,Z,F,65+
3662,872,A,Y,M,65+
3663,807,A,Z,M,30-44
3664,802,A,Y,F,65+
3665,801,C,Y,F,45-64
3666,796,C,Y,F,65+
3667,777,D,Z,M,65+
3668,839,C,X,F,45-64
3669,779,A,Y,F,45-64
3670,860,C,Z,M,45-64
3671,777,C,X,M,45-64
3672,848,C,X,F,65+
3673,771,C,Y,F,30-44
3674,780,B,Z,F,30-44
3675,787,C,Z,F,30-44
3676,791,D,Z,M,18-29
3677,717,C,Z,M,30-44
3678,834,C,X,F,45-64
3679,796,B,Y,F,45-64
3680,819,D,Z,F,30-44
3681,748,C,Z,M,45-64
3682,779,A,Y,F,18-29
3683,802,A,X,F,65+
3684,739,D,Z,F,65+
3685,863,B,Y,M,65+
3686,752,D,Z,M,65+
3687,743,D,Y,F,18-29
3688,824,B,X,M,45-64
3689,792,A,X,M,45-64
3690,782,A,Z,F,30-44
3691,846,A,Z,F,30-44
3692,790,A,Z,M,18-29
3693,779,A,Y,F,45-64
3694,769,D,X,M,30-44
3695,788,C,Z,F,30-44
3696,820,B,X,F,30-44
3697,723,B,Y,M,18-29
3698,804,B,X,F,65+
3699,772,A,X,M,65+
3700,853,B,X,F,30-44
3701,785,B,X,F,18-29
3702,808,A,X,F,65+
3703,804,D,Y,M,30-44
3704,826,A,X,F,65+
3705,718,D,X,F,65+
3706,789,A,Z,F,30-44
3707,852,D,Y,F,45-64
3708,829,A,Y,F,65+
3709,792,B,Y,M,18-29
3710,793,D,X,F,30-44
3711,818,B,Y,F,65+
3712,717,C,X,F,30-44
3713,732,D,Z,F,18-29
3714,875,B,Z,M,65+
3715,800,A,Y,F,45-64
3716,866,D,X,F,65+
3717,801,D,Y,M,65+
3718,863,C,Y,M,45-64
3719,782,C,Y,F,30-44
3720,790,B,X,M,18-29
3721,787,D,Y,M,30-44
3722,731,A,Z,M,18-29
3723,782,A,Y,M,45-64
3724,855,D,X,F,30-44
3725,823,D,Y,M,30-44
3726,765,D,Y,M,18-29
3727,753,B,X,M,30-44
3728,785,C,Z,F,65+
3729,817,B,X,M,30-44
3730,788,A,X,M,45-64
3731,758,B,Z,M,65+
3732,782,C,Z,M,30-44
3733,789,B,X,M,45-64
3734,796,B,Y,M,18-29
3735,790,D,X,M,18-29
3736,799,D,X,M,30-44
3737,832,C,Z,F,65+
3738,853,B,Y,M,18-29
3739,739,B,X,M,18-29
3740,802,D,X,M,45-64
3741,747,D,Z,F,65+
3742,812,D,Z,F,45-64
3743,799,D,Y,F,30-44
3744,720,D,X,M,30-44
3745,783,A,Z,F,45-64
3746,767,A,Z,F,65+
3747,756,D,Y,F,18-29
3748,797,C,Y,M,18-29
3749,765,B,Y,M,65+
3750,845,B,Z,F,65+
3751,856,B,X,M,30-44
3752,822,D,Y,F,65+
3753,828,D,Z,F,45-64
3754,806,B,Y,M,65+
3755,782,A,X,M,18-29
3756,823,C,Y,M,45-64
3757,792,D,Y,F,18-29
3758,785,C,Y,F,18-29
3759,754,D,X,F,45-64
3760,777,B,Y,M,18-29
3761,809,A,X,F,18-29
3762,815,A,Z,M,45-64
3763,787,A,Y,F,45-64
3764,835,D,Y,F,45-64
3765,749,C,X,M,65+
3766,871,D,Y,M,18-29
3767,855,B,Y,F,65+
3768,772,C,X,M,30-44
3769,843,A,Z,F,45-64
3770,805,D,X,M,18-29
3771,755,C,X,M,30-44
3772,834,D,Z,M,65+
3773,794,B,Y,F,30-44
3774,777,A,X,M,18-29
3775,736,C,Z,F,18-29
3776,826,B,Y,M,65+
3777,793,A,X,F,45-64
3778,763,C,Y,F,45-64
3779,762,C,Z,M,45-64
3780,788,B,X,M,65+
3781,762,D,Y,F,45-64
3782,808,D,Z,F,18-29
3783,763,C,Y,M,30-44
3784,815,B,X,M,65+
3785,737,B,X,F,65+
3786,864,D,Y,F,45-64
3787,739,A,X,M,65+
3788,768,A,Y,M,65+
3789,806,D,Y,M,65+
3790,788,D,X,F,45-64
3791,781,A,Y,M,65+
3792,740,D,Y,M,65+
3793,734,D,X,F,30-44
3794,794,B,Y,M,45-64
3795,797,D,X,M,18-29
3796,784,A,Z,M,30-44
3797,807,D,Y,M,30-44
3798,853,A,X,F,30-44
3799,764,A,X,F,45-64
3800,769,C,Z,M,18-29
3801,786,B,Y,F,18-29
3802,728,A,Z,M,18-29
3803,841,A,X,M,65+
3804,816,D,X,F,45-64
3805,842,A,Z,F,30-44
3806,740,A,Y,F,30-44
3807,798,A,Y,M,45-64
3808,749,A,Y,F,30-44
3809,834,D,Y,F,45-64
3810,767,C,Z,F,65+
3811,742,B,Y,F,30-44
3812,853,B,Y,M,30-44
3813,773,A,X,M,18-29
3814,828,B,X,F,30-44
3815,817,B,Z,M,45-64
3816,723,C,Z,F,30-44
3817,826,D,Y,F,18-29
3818,768,C,Z,M,65+
3819,806,A,Y,M,65+
3820,869,B,Y,M,18-29
3821,806,A,Y,F,30-44
3822,722,D,Y,F,45-64
3823,818,D,X,F,65+
3824,813,C,Z,M,18-29
3825,800,B,Y,F,18-29
3826,830,D,Y,M,18-29
3827,780,B,X,F,45-64
3828,793,B,Z,M,65+
3829,838,A,X,F,45-64
3830,726,C,Y,M,18-29
3831,745,D,Z,M,30-44
3832,844,B,Y,F,65+
3833,798,B,Y,M,65+
3834,734,C,Z,F,18-29
3835,808,C,Y,M,65+
3836,897,A,Y,F,65+
3837,821,B,Y,M,65+
3838,785,C,Y,M,30-44
3839,865,C,Y,F,18-29
3840,844,B,X,M,65+
3841,814,B,Y,M,65+
3842,761,A,X,F,65+
3843,806,A,Z,F,18-29
3844,804,D,Z,M,45-64
3845,814,A,X,F,45-64
3846,778,B,Z,M,18-29
3847,719,D,X,F,30-44
3848,797,D,X,M,30-44
3849,845,C,X,F,45-64
3850,806,D,X,F,30-44
3851,833,B,Y,M,45-64
3852,818,C,Z,M,18-29
3853,861,B,X,M,30-44
3854,723,A,Y,M,18-29
3855,824,D,Y,M,65+
3856,778,A,Y,F,18-29
3857,892,C,X,F,30-44
3858,779,D,X,F,18-29
3859,764,A,X,M,30-44
3860,770,C,X,M,65+
3861,821,C,X,F,65+
3862,779,D,X,F,30-44
3863,803,B,X,F,18-29
3864,850,B,Z,F,65+
3865,811,D,Y,F,30-44
3866,790,A,X,F,30-44
3867,826,A,Z,F,18-29
3868,773,C,Z,F,65+
3869,821,A,Y,F,18-29
3870,836,B,X,M,30-44
3871,775,D,Y,F,18-29
3872,798,A,Z,F,30-44
3873,753,C,Z,F,45-64
3874,765,A,X,M,45-64
3875,824,B,Z,F,65+
3876,849,B,Y,F,65+
3877,793,A,Z,F,18-29
3878,833,D,Y,F,65+
3879,870,A,X,F,45-64
3880,807,B,Z,M,30-44
3881,869,A,Y,M,18-29
3882,791,C,Y,F,18-29
3883,777,B,Z,M,18-29
3884,786,B,X,F,45-64
3885,737,A,Z,F,45-64
3886,723,A,Y,M,45-64
3887,775,D,X,F,45-64
3888,805,A,X,M,18-29
3889,912,A,X,F,18-29
3890,825,D,Y,F,18-29
3891,811,C,X,M,18-29
3892,843,C,X,M,18-29
3893,795,A,Y,M,30-44
3894,827,B,Z,M,65+
3895,804,A,Z,F,30-44
3896,885,D,Z,M,18-29
3897,858,D,X,F,30-44
3898,835,C,Y,M,65+
3899,798,D,Z,F,45-64
3900,803,B,Z,M,65+
3901,857,C,Z,F,18-29
3902,843,A,Y,M,45-64
3903,766,B,Z,M,18-29
3904,794,B,X,M,30-44
3905,760,B,Z,M,18-29
3906,791,D,X,M,45-64
3907,749,A,Z,M,30-44
3908,717,A,Z,M,65+
3909,847,A,Y,M,65+
3910,770,B,X,M,45-64
3911,852,C,Y,F,45-64
3912,822,D,Z,M,30-44
3913,812,B,Y,F,30-44
3914,784,B,Y,F,45-64
3915,769,D,X,F,18-29
3916,785,D,Y,M,18-29
3917,759,A,Z,F,45-64
3918,821,B,Y,M,45-64
3919,748,B,Y,F,30-44
3920,755,D,X,F,18-29
3921,778,D,Y,F,30-44
3922,820,D,X,F,65+
3923,751,D,Y,M,65+
3924,767,B,Y,M,18-29
3925,792,B,Z,F,65+
3926,721,B,Z,M,18-29
3927,754,C,Z,F,45-64
3928,835,A,Y,F,65+
3929,793,A,X,M,30-44
3930,801,C,Y,M,30-44
3931,749,D,Z,M,30-44
3932,835,A,Y,F,45-64
3933,771,A,Y,M,30-44
3934,740,A,Z,F,65+
3935,790,C,Z,F,30-44
3936,748,D,Z,F,18-29
3937,860,D,Y,M,30-44
3938,839,C,X,F,45-64
3939,850,D,X,F,65+
3940,816,B,Y,M,18-29
3941,748,A,Z,M,30-44
3942,868,D,X,M,65+
3943,796,D,Z,M,18-29
3944,793,D,Z,M,30-44
3945,760,B,X,F,18-29
3946,790,A,Y,M,65+
3947,828,A,Y,F,30-44
3948,818,A,Y,M,18-29
3949,789,A,Y,M,18-29
3950,833,D,Z,F,30-44
3951,833,A,Y,M,65+
3952,759,C,X,M,30-44
3953,805,C,X,F,45-64
3954,755,C,Y,M,18-29
3955,872,A,Z,M,45-64
3956,793,B,X,M,30-44
3957,733,A,Z,M,30-44
3958,810,B,X,M,45-64
3959,824,D,X,F,30-44
3960,743,B,X,M,30-44
3961,739,C,Z,F,65+
3962,790,B,Z,M,30-44
3963,784,D,Y,M,30-44
3964,873,C,X,M,65+
3965,766,A,X,M,30-44
3966,750,A,X,F,18-29
3967,753,D,X,M,45-64
3968,824,C,Y,M,30-44
3969,826,D,Y,M,65+
3970,800,C,Y,F,30-44
3971,847,A,X,F,45-64
3972,744,D,Z,F,18-29
3973,760,A,Z,M,18-29
3974,740,B,Z,M,65+
3975,838,D,Z,M,18-29
3976,796,B,Z,M,30-44
3977,739,B,X,M,30-44
3978,799,A,Y,M,45-64
3979,769,C,Y,M,30-44
3980,839,A,Y,F,30-44
3981,778,B,X,M,30-44
3982,761,D,X,F,18-29
3983,698,C,Y,M,45-64
3984,790,C,X,M,18-29
3985,825,A,Z,M,18-29
3986,746,A,Y,M,18-29
3987,843,A,Z,M,65+
3988,769,A,Y,F,18-29
3989,833,A,Z,M,45-64
3990,759,C,Y,M,45-64
3991,755,C,Y,M,18-29
3992,815,B,Z,F,45-64
3993,783,D,Z,M,30-44
3994,768,B,Y,M,45-64
3995,804,D,Y,M,65+
3996,862,D,X,M,18-29
3997,783,A,Z,F,30-44
3998,786,D,Y,F,18-29
3999,767,C,Z,F,30-44
4000,739,D,Y,M,30-44
